nomi,yil,janr,reyting,distribyutor,byudjet,ichki_daromad,jahon_daromadi
Evan Almighty,2007,Comedy,PG,Universal,175000000.0,100289690.0,174131329.0
King Arthur: Legend of the Sword,2017,Adventure,PG-13,Warner Bros.,175000000.0,39175066.0,139950708.0
47 Ronin,2013,Action,PG-13,Universal,175000000.0,38362475.0,151716815.0
Jurassic World: Fallen Kingdom,2018,Action,PG-13,Universal,170000000.0,416769345.0,1304866322.0
Guardians of the Galaxy,2014,Action,PG-13,Walt Disney,170000000.0,333172112.0,771051335.0
Iron Man 2,2010,Action,PG-13,Paramount Pictures,170000000.0,312433331.0,621156389.0
Captain America: The Winter Soldier,2014,Action,PG-13,Walt Disney,170000000.0,259746958.0,714401889.0
Dawn of the Planet of the Apes,2014,Adventure,PG-13,20th Century Fox,170000000.0,208545589.0,710644566.0
The Polar Express,2004,Adventure,G,Warner Bros.,170000000.0,186493587.0,310634169.0
Snow White and the Huntsman,2012,Adventure,PG-13,Universal,170000000.0,155136755.0,401021746.0
Terminator 3: Rise of the Machines,2003,Action,R,Warner Bros.,170000000.0,150358296.0,433058296.0
Van Helsing,2004,Action,PG-13,Universal,170000000.0,120150546.0,300150546.0
Tomorrowland,2015,Adventure,PG,Walt Disney,170000000.0,93436322.0,207283457.0
Alice Through the Looking Glass,2016,Adventure,PG,Walt Disney,170000000.0,77042381.0,276934087.0
Shrek Forever After,2010,Adventure,PG,Paramount Pictures,165000000.0,238736787.0,756244673.0
Doctor Strange,2016,Action,PG-13,Walt Disney,165000000.0,232641920.0,676486457.0
Big Hero 6,2014,Adventure,PG,Walt Disney,165000000.0,222527828.0,652127828.0
How to Train Your Dragon,2010,Adventure,PG,Paramount Pictures,165000000.0,217581232.0,494870992.0
Wreck-It Ralph,2012,Adventure,PG,Walt Disney,165000000.0,189412677.0,496511521.0
Interstellar,2014,Adventure,PG-13,Paramount Pictures,165000000.0,188017894.0,667752422.0
Independence Day: Resurgence,2016,Action,PG-13,20th Century Fox,165000000.0,103144286.0,384413934.0
Cowboys and Aliens,2011,Action,PG-13,Universal,163000000.0,100368560.0,176038324.0
Shrek the Third,2007,Adventure,PG,Paramount Pictures,160000000.0,322719944.0,807330936.0
Fast and Furious 6,2013,Action,PG-13,Universal,160000000.0,238679850.0,789300444.0
X-Men: First Class,2011,Action,PG-13,20th Century Fox,160000000.0,146408305.0,355408305.0
The Curious Case of Benjamin Button,2008,Drama,PG-13,Paramount Pictures,160000000.0,127509326.0,329631958.0
The Sorcerer's Apprentice,2010,Adventure,PG,Walt Disney,160000000.0,63150991.0,217986320.0
Poseidon,2006,Adventure,PG-13,Warner Bros.,160000000.0,60674817.0,181674817.0
Warcraft,2016,Action,PG-13,Universal,160000000.0,47225655.0,425547111.0
Aquaman,2018,Action,PG-13,Warner Bros.,160000000.0,0.0,0.0
Deepwater Horizon,2016,Drama,PG-13,Lionsgate,156000000.0,61433527.0,122631306.0
Terminator: Genisys,2015,Action,PG-13,Paramount Pictures,155000000.0,89760956.0,432150894.0
Pacific Rim: Uprising,2018,Action,PG-13,Universal,155000000.0,59185715.0,290241338.0
Alexander,2004,Action,R,Warner Bros.,155000000.0,34297191.0,167297191.0
War for the Planet of the Apes,2017,Action,PG-13,20th Century Fox,152000000.0,146880162.0,489592267.0
Pearl Harbor,2001,Action,PG-13,Walt Disney,151500000.0,198539855.0,449239855.0
Transformers,2007,Action,PG-13,Paramount Pictures,151000000.0,319246193.0,708272592.0
Wonder Woman,2017,Action,PG-13,Warner Bros.,150000000.0,412563408.0,821133378.0
Zootopia,2016,Adventure,PG,Walt Disney,150000000.0,341268248.0,1019706594.0
Harry Potter and the Goblet of Fire,2005,Adventure,PG-13,Warner Bros.,150000000.0,290013036.0,896911078.0
The Matrix Reloaded,2003,Action,R,Warner Bros.,150000000.0,281553689.0,738576929.0
I am Legend,2007,Horror,PG-13,Warner Bros.,150000000.0,256393010.0,585532684.0
Hancock,2008,Action,PG-13,Sony Pictures,150000000.0,227946274.0,624234272.0
Charlie and the Chocolate Factory,2005,Adventure,PG,Warner Bros.,150000000.0,206459076.0,475825484.0
Ratatouille,2007,Adventure,G,Walt Disney,150000000.0,206445654.0,626549695.0
Thor: The Dark World,2013,Action,PG-13,Walt Disney,150000000.0,206362140.0,644602516.0
Batman Begins,2005,Action,PG-13,Warner Bros.,150000000.0,205343774.0,359142722.0
Mission: Impossible—Rogue Nation,2015,Action,PG-13,Paramount Pictures,150000000.0,195042377.0,689388363.0
Dunkirk,2017,Action,PG-13,Warner Bros.,150000000.0,190068280.0,499900860.0
Thor,2011,Action,PG-13,Paramount Pictures,150000000.0,181030624.0,449326618.0
Madagascar: Escape 2 Africa,2008,Adventure,PG,Paramount Pictures,150000000.0,180174880.0,599680774.0
X-Men Origins: Wolverine,2009,Action,PG-13,20th Century Fox,150000000.0,179883157.0,374825760.0
Kung Fu Panda 2,2011,Adventure,PG,Paramount Pictures,150000000.0,165249063.0,664837547.0
Mad Max: Fury Road,2015,Action,R,Warner Bros.,150000000.0,153636354.0,370651733.0
The Meg,2018,Action,PG-13,Warner Bros.,150000000.0,142700791.0,527100791.0
The Matrix Revolutions,2003,Action,R,Warner Bros.,150000000.0,139270910.0,427300260.0
Ready Player One,2018,Adventure,PG-13,Warner Bros.,150000000.0,137018455.0,578621729.0
Mission: Impossible III,2006,Action,PG-13,Paramount Pictures,150000000.0,133501348.0,397501348.0
Troy,2004,Action,R,Warner Bros.,150000000.0,133298577.0,484161265.0
The Last Airbender,2010,Adventure,PG,Paramount Pictures,150000000.0,131772187.0,319713881.0
Bee Movie,2007,Adventure,PG,Paramount Pictures,150000000.0,126631277.0,287594577.0
G-Force,2009,Adventure,PG,Walt Disney,150000000.0,119436770.0,292817841.0
Bolt,2008,Adventure,PG,Walt Disney,150000000.0,114053579.0,328015029.0
Wrath of the Titans,2012,Adventure,PG-13,Warner Bros.,150000000.0,83670083.0,305270083.0
Beowulf,2007,Adventure,PG-13,Paramount Pictures,150000000.0,82280579.0,195080579.0
The Wolfman,2010,Horror,R,Universal,150000000.0,62189884.0,142634358.0
The Great Wall,2017,Action,PG-13,Universal,150000000.0,45157105.0,334550106.0
Pan,2015,Adventure,PG,Warner Bros.,150000000.0,35088320.0,151543635.0
Mars Needs Moms,2011,Adventure,PG,Walt Disney,150000000.0,21392758.0,39549758.0
Flushed Away,2006,Adventure,PG,Paramount Pictures,149000000.0,64665672.0,179357126.0
Madagascar 3: Europe's Most Wanted,2012,Adventure,PG,Paramount Pictures,145000000.0,216391482.0,746921271.0
How to Train Your Dragon 2,2014,Adventure,PG,20th Century Fox,145000000.0,177002924.0,614586270.0
Mr. Peabody & Sherman,2014,Adventure,PG,20th Century Fox,145000000.0,111506430.0,269806430.0
Rise of the Guardians,2012,Adventure,PG,Paramount Pictures,145000000.0,103412758.0,306900902.0
Die Another Day,2002,Action,PG-13,MGM,142000000.0,160942139.0,431942139.0
Star Trek,2009,Adventure,PG-13,Paramount Pictures,140000000.0,257730019.0,385680446.0
Men in Black 2,2002,Action,PG-13,Sony Pictures,140000000.0,190418803.0,441767803.0
Captain America: The First Avenger,2011,Action,PG-13,Paramount Pictures,140000000.0,176654505.0,370569776.0
Kung Fu Panda 3,2016,Adventure,PG,20th Century Fox,140000000.0,143528619.0,518418751.0
G.I. Joe: Retaliation,2013,Action,PG-13,Paramount Pictures,140000000.0,122523060.0,375740705.0
The Last Samurai,2003,Action,R,Warner Bros.,140000000.0,111110575.0,456810575.0
Fun With Dick And Jane,2005,Comedy,PG-13,Sony Pictures,140000000.0,110550000.0,203018919.0
Exodus: Gods and Kings,2014,Drama,PG-13,20th Century Fox,140000000.0,65014513.0,268314513.0
The BFG,2016,Adventure,PG,Walt Disney,140000000.0,55483770.0,199676255.0
Gods of Egypt,2016,Adventure,PG-13,Lionsgate,140000000.0,31153464.0,138587563.0
Spider-Man,2002,Adventure,PG-13,Sony Pictures,139000000.0,403706375.0,821706375.0
Watchmen,2009,Action,R,Warner Bros.,138000000.0,107509799.0,186976250.0
Stealth,2005,Action,PG-13,Sony Pictures,138000000.0,32116746.0,76416746.0
The Incredible Hulk,2008,Adventure,PG-13,Universal,137500000.0,134806913.0,265573859.0
Hulk,2003,Action,PG-13,Universal,137000000.0,132177234.0,245075434.0
Final Fantasy: The Spirits Within,2001,Adventure,PG-13,Sony Pictures,137000000.0,32131830.0,85131830.0
The Croods,2013,Adventure,PG,20th Century Fox,135000000.0,187168425.0,573068425.0
The Revenant,2015,Adventure,R,20th Century Fox,135000000.0,183637894.0,532950503.0
Rango,2011,Adventure,PG,Paramount Pictures,135000000.0,123477607.0,245724600.0
Turbo,2013,Adventure,PG,20th Century Fox,135000000.0,83028130.0,286896578.0
Happy Feet Two,2011,Adventure,PG,Warner Bros.,135000000.0,64006466.0,157956466.0
Miami Vice,2006,Action,R,Universal,135000000.0,63478838.0,163818556.0
War of the Worlds,2005,Action,PG-13,Paramount Pictures,132000000.0,234280354.0,606836535.0
Penguins of Madagascar,2014,Adventure,PG,20th Century Fox,132000000.0,83350911.0,367650911.0
The Hunger Games: Catching Fire,2013,Adventure,PG-13,Lionsgate,130000000.0,424668047.0,864868047.0
Ant-Man and the Wasp,2018,Action,PG-13,Walt Disney,130000000.0,216565229.0,617176819.0
Kung Fu Panda,2008,Adventure,PG,Paramount Pictures,130000000.0,215434591.0,631910531.0
Ant-Man,2015,Action,PG-13,Walt Disney,130000000.0,180202163.0,518860086.0
Home,2015,Adventure,PG,20th Century Fox,130000000.0,177397510.0,386031994.0
Puss in Boots,2011,Adventure,PG,Paramount Pictures,130000000.0,149260504.0,554987477.0
Megamind,2010,Adventure,PG,Paramount Pictures,130000000.0,148415853.0,321887208.0
Bad Boys II,2003,Action,R,Sony Pictures,130000000.0,138540870.0,273271982.0
Rio 2,2014,Adventure,G,20th Century Fox,130000000.0,131538435.0,492846291.0
Noah,2014,Drama,PG-13,Paramount Pictures,130000000.0,101200044.0,352831065.0
The Adventures of Tintin,2011,Adventure,PG,Paramount Pictures,130000000.0,77591831.0,373993951.0
After Earth,2013,Action,PG-13,Sony Pictures,130000000.0,60522097.0,251499665.0
Australia,2008,Drama,PG-13,20th Century Fox,130000000.0,49554002.0,215080810.0
R.I.P.D.,2013,Action,PG-13,Universal,130000000.0,33618855.0,79076678.0
Dinosaur,2000,Adventure,PG,Walt Disney,127500000.0,137748063.0,356148063.0
Logan,2017,Action,R,20th Century Fox,127000000.0,226277068.0,615476965.0
X-Men 2,2003,Action,PG-13,20th Century Fox,125000000.0,214949694.0,406875536.0
Fast Five,2011,Action,PG-13,Universal,125000000.0,210031325.0,630163454.0
Sherlock Holmes: A Game of Shadows,2011,Action,PG-13,Warner Bros.,125000000.0,186848418.0,535663443.0
The Day After Tomorrow,2004,Adventure,PG-13,20th Century Fox,125000000.0,186740799.0,556319450.0
The Boss Baby,2017,Adventure,PG,20th Century Fox,125000000.0,175003033.0,510888357.0
Clash of the Titans,2010,Action,PG-13,Warner Bros.,125000000.0,163214888.0,493214888.0
Trolls,2016,Adventure,PG,20th Century Fox,125000000.0,153707064.0,344527425.0
Prometheus,2012,Adventure,R,20th Century Fox,125000000.0,126477084.0,402448265.0
Skyscraper,2018,Action,PG,Universal,125000000.0,67796355.0,304034615.0
Assassin’s Creed,2016,Action,PG-13,20th Century Fox,125000000.0,54647948.0,240497948.0
Monster Trucks,2017,Adventure,PG-13,Paramount Pictures,125000000.0,33370166.0,61642798.0
How the Grinch Stole Christmas,2000,Adventure,PG,Universal,123000000.0,260044825.0,345141403.0
Mission: Impossible 2,2000,Action,PG-13,Paramount Pictures,120000000.0,215409889.0,549588516.0
The Perfect Storm,2000,Drama,PG-13,Warner Bros.,120000000.0,182618434.0,328711434.0
Jason Bourne,2016,Action,PG-13,Universal,120000000.0,162192920.0,416197059.0
Life of Pi,2012,Drama,PG,20th Century Fox,120000000.0,124987022.0,607258634.0
Ghost Rider,2007,Action,PG-13,Sony Pictures,120000000.0,115802596.0,229545589.0
Charlie's Angels: Full Throttle,2003,Action,PG-13,Sony Pictures,120000000.0,100814328.0,227200000.0
Rampage,2018,Action,PG-13,Warner Bros.,120000000.0,99345950.0,424745950.0
Elysium,2013,Action,R,Sony Pictures,120000000.0,93050117.0,286192091.0
Power Rangers,2017,Action,PG-13,Lionsgate,120000000.0,85364450.0,142545357.0
Stuart Little 2,2002,Adventure,PG,Sony Pictures,120000000.0,64956806.0,166000000.0
The Chronicles of Riddick,2004,Adventure,PG-13,Universal,120000000.0,57712751.0,107212751.0
Speed Racer,2008,Action,PG,Warner Bros.,120000000.0,43945766.0,93394462.0
The Island,2005,Action,PG-13,Dreamworks SKG,120000000.0,35818913.0,163018913.0
Knight and Day,2010,Action,PG-13,20th Century Fox,117000000.0,76423035.0,258751370.0
"Monsters, Inc.",2001,Adventure,G,Walt Disney,115000000.0,289423425.0,559757719.0
The Wolverine,2013,Action,PG-13,20th Century Fox,115000000.0,132556852.0,416456852.0
The Huntsman: Winter’s War,2016,Action,PG-13,Universal,115000000.0,48003015.0,165149302.0
Windtalkers,2002,Action,R,MGM,115000000.0,40914068.0,77628265.0
Gulliver's Travels,2010,Adventure,PG,20th Century Fox,112000000.0,42779261.0,232017848.0
Ferdinand,2017,Adventure,PG,20th Century Fox,111000000.0,84410380.0,289867087.0
Deadpool 2,2018,Action,R,20th Century Fox,110000000.0,318491426.0,733809601.0
Night at the Museum,2006,Adventure,PG,20th Century Fox,110000000.0,250863268.0,579446407.0
Mr. and Mrs. Smith,2005,Action,PG-13,20th Century Fox,110000000.0,186336279.0,486124090.0
San Andreas,2015,Adventure,PG-13,Warner Bros.,110000000.0,155190832.0,457199280.0
The Smurfs,2011,Adventure,PG,Sony Pictures,110000000.0,142614158.0,563749323.0
Live Free or Die Hard,2007,Action,PG-13,20th Century Fox,110000000.0,134529403.0,382288147.0
The Divergent Series: Insurgent,2015,Action,PG-13,Lionsgate,110000000.0,130179072.0,295075882.0
Ocean's Twelve,2004,Adventure,PG-13,Warner Bros.,110000000.0,125531634.0,362989076.0
The Patriot,2000,Drama,R,Sony Pictures,110000000.0,113330342.0,215300000.0
300: Rise of an Empire,2014,Action,R,Warner Bros.,110000000.0,106580051.0,330780051.0
The Green Hornet,2011,Action,PG-13,Sony Pictures,110000000.0,98780042.0,229155503.0
Real Steel,2011,Action,PG-13,Walt Disney,110000000.0,85463309.0,263880341.0
The A-Team,2010,Action,PG-13,20th Century Fox,110000000.0,77222099.0,177241171.0
The Smurfs 2,2013,Adventure,PG,Sony Pictures,110000000.0,71017784.0,348547523.0
The Divergent Series: Allegiant,2016,Action,PG-13,Lionsgate,110000000.0,66184051.0,171871661.0
The Taking of Pelham 123,2009,Action,R,Sony Pictures,110000000.0,65452312.0,152364370.0
Ender's Game,2013,Adventure,PG-13,Lionsgate,110000000.0,61737191.0,127983283.0
Home on the Range,2004,Adventure,PG,Walt Disney,110000000.0,50026353.0,76482461.0
Kingdom of Heaven,2005,Adventure,R,20th Century Fox,110000000.0,47398413.0,218853353.0
Ghost in the Shell,2017,Action,PG-13,Paramount Pictures,110000000.0,40563557.0,167918847.0
The Cat in the Hat,2003,Adventure,PG,Universal,109000000.0,101018283.0,133818283.0
Ali,2001,Drama,R,Sony Pictures,109000000.0,58183966.0,87683966.0
Allied,2016,Drama,R,Paramount Pictures,106000000.0,40098064.0,119285656.0
"I, Robot",2004,Action,PG-13,20th Century Fox,105000000.0,144801023.0,348629585.0
The Princess and the Frog,2009,Adventure,G,Walt Disney,105000000.0,104400899.0,270997378.0
"10,000 B.C.",2008,Adventure,PG-13,Warner Bros.,105000000.0,94784201.0,269065678.0
Ice Age: Collision Course,2016,Adventure,PG,20th Century Fox,105000000.0,64063008.0,403092412.0
Kingsman: The Golden Circle,2017,Action,R,20th Century Fox,104000000.0,100234838.0,408822328.0
Gone in 60 Seconds,2000,Action,PG-13,Walt Disney,103300000.0,101643008.0,232643008.0
The Hangover 3,2013,Comedy,R,Warner Bros.,103000000.0,112200072.0,362000072.0
A Wrinkle in Time,2018,Adventure,PG,Walt Disney,103000000.0,100478608.0,133401882.0
Public Enemies,2009,Drama,R,Universal,102500000.0,97104620.0,212282709.0
Casino Royale,2006,Action,PG-13,Sony Pictures,102000000.0,167365000.0,594420283.0
Minority Report,2002,Action,PG-13,20th Century Fox,102000000.0,132024714.0,358824714.0
Cloud Atlas,2012,Drama,R,Warner Bros.,102000000.0,27108272.0,130673154.0
Planet of the Apes,2001,Adventure,PG-13,20th Century Fox,100000000.0,180011740.0,362211740.0
National Treasure,2004,Adventure,PG,Walt Disney,100000000.0,173005002.0,331323410.0
Venom,2018,Action,PG-13,Sony Pictures,100000000.0,171125095.0,461825095.0
Little Fockers,2010,Comedy,PG-13,Universal,100000000.0,148438600.0,310650574.0
American Gangster,2007,Drama,R,Universal,100000000.0,130164645.0,267985456.0
Cloudy with a Chance of Meatballs,2009,Adventure,PG,Sony Pictures,100000000.0,124870275.0,236827677.0
The Other Guys,2010,Comedy,PG-13,Sony Pictures,100000000.0,119219978.0,170936470.0
Epic,2013,Adventure,PG,20th Century Fox,100000000.0,107518682.0,262794441.0
The Emperor's New Groove,2000,Adventure,G,Walt Disney,100000000.0,89296573.0,169296573.0
The Expendables 2,2012,Action,R,Lionsgate,100000000.0,85028192.0,311979256.0
Where the Wild Things Are,2009,Adventure,PG,Warner Bros.,100000000.0,77233467.0,99123656.0
Eragon,2006,Adventure,PG,20th Century Fox,100000000.0,75030163.0,249488115.0
Hercules,2014,Action,PG-13,Paramount Pictures,100000000.0,72688614.0,243388614.0
The Stepford Wives,2004,Comedy,PG-13,Paramount Pictures,100000000.0,59475623.0,96221971.0
Surf's Up,2007,Adventure,PG,Sony Pictures,100000000.0,58867694.0,145395745.0
Blood Diamond,2006,Action,R,Warner Bros.,100000000.0,57377916.0,171377916.0
Land of the Lost,2009,Comedy,PG-13,Universal,100000000.0,49438370.0,69548641.0
Catwoman,2004,Action,PG-13,Warner Bros.,100000000.0,40202379.0,82145379.0
The Expendables 3,2014,Action,PG-13,Lionsgate,100000000.0,39322544.0,209461378.0
Treasure Planet,2002,Adventure,PG,Walt Disney,100000000.0,38120554.0,91800000.0
Green Zone,2010,Drama,R,Universal,100000000.0,35497337.0,97523020.0
Geostorm,2017,Action,PG-13,Warner Bros.,100000000.0,33700160.0,220800160.0
In the Heart of the Sea,2015,Adventure,PG-13,Warner Bros.,100000000.0,25020758.0,89693309.0
Son of the Mask,2005,Adventure,PG,New Line,100000000.0,17018422.0,59918422.0
The Adventures of Pluto Nash,2002,Comedy,PG-13,Warner Bros.,100000000.0,4411102.0,7094995.0
Jin líng shí san chai,2012,Drama,R,Wrekin Hill Enterta…,100000000.0,311434.0,98227017.0
The Peanuts Movie,2015,Adventure,G,20th Century Fox,99000000.0,130178411.0,250091610.0
The Mummy Returns,2001,Adventure,PG-13,Universal,98000000.0,202007640.0,435040395.0
Gangs of New York,2002,Drama,R,Miramax,97000000.0,77730500.0,183124621.0
Alien: Covenant,2017,Horror,R,20th Century Fox,97000000.0,74262031.0,238521247.0
Cinderella,2015,Drama,PG,Walt Disney,95000000.0,201151353.0,534551353.0
Ice Age: Continental Drift,2012,Adventure,PG,20th Century Fox,95000000.0,161321843.0,879765137.0
Black Hawk Down,2001,Action,R,Sony Pictures,95000000.0,108638745.0,159691085.0
Sex and the City 2,2010,Comedy,R,Warner Bros.,95000000.0,95347692.0,294680778.0
The Campaign,2012,Comedy,R,Warner Bros.,95000000.0,86907746.0,104907746.0
Unstoppable,2010,Action,PG-13,20th Century Fox,95000000.0,81562942.0,165720921.0
The Road to El Dorado,2000,Adventure,PG,Dreamworks SKG,95000000.0,50802661.0,65700000.0
The Lovely Bones,2009,Drama,PG-13,Paramount Pictures,95000000.0,44114232.0,94894448.0
Seventh Son,2015,Adventure,PG-13,Universal,95000000.0,17725785.0,109485785.0
Finding Nemo,2003,Adventure,G,Walt Disney,94000000.0,380529370.0,936429370.0
Lara Croft: Tomb Raider,2001,Adventure,PG-13,Paramount Pictures,94000000.0,131144183.0,273330185.0
Kingsman: The Secret Service,2015,Action,R,20th Century Fox,94000000.0,128261724.0,404561724.0
Jurassic Park III,2001,Action,PG-13,Universal,93000000.0,181166115.0,365900000.0
Rise of the Planet of the Apes,2011,Adventure,PG-13,20th Century Fox,93000000.0,176760185.0,482860185.0
The Spiderwick Chronicles,2008,Adventure,PG,Paramount Pictures,92500000.0,71195053.0,162839667.0
The Incredibles,2004,Adventure,PG,Walt Disney,92000000.0,261441092.0,614726752.0
A Good Day to Die Hard,2013,Action,R,20th Century Fox,92000000.0,67349198.0,304249198.0
The Secret Life of Walter Mitty,2013,Adventure,PG,20th Century Fox,91000000.0,58236838.0,187861183.0
Jumanji: Welcome to the Jungle,2017,Adventure,PG-13,Sony Pictures,90000000.0,404508916.0,961758540.0
Rush Hour 2,2001,Action,PG-13,New Line,90000000.0,226164286.0,347425832.0
Sherlock Holmes,2009,Adventure,PG-13,Warner Bros.,90000000.0,209028679.0,498438212.0
Ice Age: Dawn of the Dinosaurs,2009,Adventure,PG,20th Century Fox,90000000.0,196573705.0,859701857.0
Rio,2011,Adventure,G,20th Century Fox,90000000.0,143619809.0,487519809.0
The Departed,2006,Drama,R,Warner Bros.,90000000.0,132384315.0,289660619.0
Charlie's Angels,2000,Action,PG-13,Sony Pictures,90000000.0,125305545.0,259736090.0
Tropic Thunder,2008,Comedy,R,Paramount Pictures,90000000.0,110515313.0,191145256.0
You Don't Mess With the Zohan,2008,Comedy,PG-13,Sony Pictures,90000000.0,100018837.0,202910991.0
Atlantis: The Lost Empire,2001,Adventure,PG,Walt Disney,90000000.0,84052762.0,186049020.0
Pixels,2015,Adventure,PG-13,Sony Pictures,90000000.0,78765986.0,244041804.0
Artificial Intelligence: AI,2001,Drama,PG-13,Warner Bros.,90000000.0,78616689.0,235900000.0
The Haunted Mansion,2003,Adventure,PG,Walt Disney,90000000.0,75817994.0,155750628.0
Hollow Man,2000,Horror,R,Sony Pictures,90000000.0,73209340.0,191200000.0
Percy Jackson: Sea of Monsters,2013,Adventure,PG,20th Century Fox,90000000.0,68559554.0,200859554.0
Spy Game,2001,Action,R,Universal,90000000.0,62362560.0,143049560.0
Mission to Mars,2000,Adventure,PG,Walt Disney,90000000.0,60874615.0,106000000.0
Tomb Raider,2018,Action,PG-13,Warner Bros.,90000000.0,57421715.0,272648985.0
King Arthur,2004,Adventure,PG-13,Walt Disney,90000000.0,51877963.0,203877963.0
K-19: The Widowmaker,2002,Action,PG-13,Paramount Pictures,90000000.0,35168966.0,65716126.0
The Promise,2017,Drama,PG-13,Open Road,90000000.0,8224288.0,10551417.0
Cinderella Man,2005,Drama,PG-13,Universal,88000000.0,61649911.0,105021488.0
The Predator,2018,Action,R,20th Century Fox,88000000.0,50787159.0,127987159.0
Fantastic Four,2005,Action,PG-13,20th Century Fox,87500000.0,154696080.0,333132750.0
Hannibal,2001,Horror,R,MGM,87000000.0,165092266.0,350100280.0
Seabiscuit,2003,Drama,PG-13,Universal,86000000.0,120277854.0,148715342.0
Cast Away,2000,Drama,PG-13,20th Century Fox,85000000.0,233632142.0,427230516.0
Happy Feet,2006,Adventure,PG,Warner Bros.,85000000.0,198000317.0,385000317.0
Fast & Furious,2009,Action,PG-13,Universal,85000000.0,155064265.0,363064265.0
Horton Hears a Who,2008,Adventure,G,20th Century Fox,85000000.0,154529439.0,299477886.0
Divergent,2014,Adventure,PG-13,Lionsgate,85000000.0,150947895.0,276014965.0
Hotel Transylvania,2012,Adventure,PG,Sony Pictures,85000000.0,148313048.0,378505812.0
I Now Pronounce You Chuck and Larry,2007,Comedy,PG-13,Universal,85000000.0,119725280.0,185708462.0
Ocean's Thirteen,2007,Adventure,PG-13,Warner Bros.,85000000.0,117144465.0,311744465.0
Open Season,2006,Adventure,PG,Sony Pictures,85000000.0,85105259.0,191932158.0
Tower Heist,2011,Comedy,PG-13,Universal,85000000.0,78046570.0,150422946.0
102 Dalmatians,2000,Adventure,G,Walt Disney,85000000.0,66941559.0,66941559.0
Mirror Mirror,2012,Adventure,PG,Relativity,85000000.0,64935167.0,173613482.0
Memoirs of a Geisha,2005,Drama,PG-13,Sony Pictures,85000000.0,57010853.0,161510853.0
Enemy at the Gates,2001,Drama,R,Paramount Pictures,85000000.0,51396781.0,96971293.0
The Rundown,2003,Action,PG-13,Universal,85000000.0,47641743.0,80831893.0
Arthur Christmas,2011,Adventure,PG,Sony Pictures,85000000.0,46462469.0,149717124.0
xXx: Return of Xander Cage,2017,Action,PG-13,Paramount Pictures,85000000.0,44898413.0,345044476.0
Collateral Damage,2002,Action,R,Warner Bros.,85000000.0,40048332.0,78353508.0
Showtime,2002,Comedy,PG-13,Warner Bros.,85000000.0,37948765.0,78948765.0
Scott Pilgrim vs. The World,2010,Comedy,PG-13,Universal,85000000.0,31611316.0,48056764.0
The Core,2003,Action,PG-13,Paramount Pictures,85000000.0,31111260.0,74132631.0
Scooby-Doo,2002,Adventure,PG,Warner Bros.,84000000.0,153294164.0,276294164.0
Nutty Professor II: The Klumps,2000,Comedy,PG-13,Universal,84000000.0,123307945.0,166307945.0
RED 2,2013,Action,PG-13,Lionsgate,84000000.0,53262560.0,141507355.0
Click,2006,Comedy,PG-13,Sony Pictures,82500000.0,137355633.0,237685089.0
Charlotte's Web,2006,Drama,G,Paramount Pictures,82500000.0,82985708.0,143985708.0
Jumper,2008,Adventure,PG-13,20th Century Fox,82500000.0,80172128.0,222640812.0
Hellboy II: The Golden Army,2008,Action,PG-13,Universal,82500000.0,75986503.0,160388063.0
The Longest Yard,2005,Comedy,PG-13,Paramount Pictures,82000000.0,158119460.0,191558505.0
The Expendables,2010,Action,R,Lionsgate,82000000.0,103068524.0,268268174.0
The 6th Day,2000,Action,PG-13,Sony Pictures,82000000.0,34543701.0,96024898.0
Bruce Almighty,2003,Comedy,PG-13,Universal,81000000.0,242704995.0,484468608.0
The Hangover Part II,2011,Comedy,R,Warner Bros.,80000000.0,254464305.0,586464305.0
The Lego Batman Movie,2017,Adventure,PG,Warner Bros.,80000000.0,175750384.0,310692896.0
Hotel Transylvania 2,2015,Adventure,PG,Sony Pictures,80000000.0,169700110.0,469500298.0
Over the Hedge,2006,Adventure,PG,Paramount Pictures,80000000.0,155019340.0,343397247.0
Lilo & Stitch,2002,Adventure,PG,Walt Disney,80000000.0,145771527.0,245800000.0
Grown Ups 2,2013,Comedy,PG-13,Sony Pictures,80000000.0,133668525.0,247023808.0
Get Smart,2008,Comedy,PG-13,Warner Bros.,80000000.0,130319208.0,226739416.0
Robots,2005,Adventure,PG,20th Century Fox,80000000.0,128200012.0,260700012.0
Four Christmases,2008,Comedy,PG-13,Warner Bros.,80000000.0,120146040.0,168311558.0
Bedtime Stories,2008,Adventure,PG,Walt Disney,80000000.0,110101975.0,221468935.0
Road to Perdition,2002,Drama,R,Dreamworks SKG,80000000.0,104054514.0,183354514.0
Daredevil,2003,Action,PG-13,20th Century Fox,80000000.0,102543518.0,182782518.0
Yogi Bear,2010,Adventure,PG,Warner Bros.,80000000.0,100246011.0,204774690.0
Cold Mountain,2003,Drama,R,Miramax,80000000.0,95632614.0,165173909.0
The Book of Eli,2010,Action,R,Warner Bros.,80000000.0,94835059.0,158750817.0
Fury,2014,Drama,R,Sony Pictures,80000000.0,85817906.0,210315681.0
The Pink Panther,2006,Adventure,PG,Sony Pictures,80000000.0,82226474.0,158926474.0
The Day the Earth Stood Still,2008,Adventure,PG-13,20th Century Fox,80000000.0,79366978.0,233066978.0
Spirit: Stallion of the Cimarron,2002,Adventure,G,Dreamworks SKG,80000000.0,73215310.0,106515310.0
Swordfish,2001,Action,R,Warner Bros.,80000000.0,69772969.0,147080413.0
Smallfoot,2018,Adventure,PG,Warner Bros.,80000000.0,66361035.0,137161035.0
Bewitched,2005,Comedy,PG-13,Sony Pictures,80000000.0,63313159.0,131159306.0
The Time Machine,2002,Adventure,PG-13,Dreamworks SKG,80000000.0,56684819.0,98983590.0
The Legend of Zorro,2005,Adventure,PG,Sony Pictures,80000000.0,45575336.0,141475336.0
Little Nicky,2000,Comedy,PG-13,New Line,80000000.0,39442871.0,58270391.0
Surrogates,2009,Action,PG-13,Walt Disney,80000000.0,38577772.0,119668350.0
Evolution,2001,Comedy,PG-13,Dreamworks SKG,80000000.0,38311134.0,98341932.0
The Brothers Grimm,2005,Adventure,PG-13,Miramax/Dimension,80000000.0,37899638.0,105299638.0
The Wild,2006,Adventure,G,Walt Disney,80000000.0,37384046.0,99010667.0
Walking with Dinosaurs,2013,Adventure,PG,20th Century Fox,80000000.0,36076121.0,123386322.0
Thirteen Days,2000,Drama,PG-13,New Line,80000000.0,34566746.0,66554547.0
The Last Witch Hunter,2015,Action,PG-13,Lionsgate,80000000.0,27367660.0,131437876.0
Pompeii,2014,Drama,PG-13,Sony Pictures,80000000.0,23169033.0,108469033.0
Looney Tunes: Back in Action,2003,Adventure,PG,Warner Bros.,80000000.0,20950820.0,54540662.0
Timeline,2003,Adventure,PG-13,Paramount Pictures,80000000.0,19480739.0,26703184.0
Red Planet,2000,Action,PG-13,Warner Bros.,80000000.0,17480890.0,33463969.0
Arthur et les Minimoys,2007,Adventure,PG,Weinstein Co.,80000000.0,15132763.0,113325743.0
A Sound of Thunder,2005,Action,PG-13,Warner Bros.,80000000.0,1900451.0,6300451.0
Journey 2: The Mysterious Island,2012,Adventure,PG,Warner Bros.,79000000.0,103860290.0,318146162.0
Jack and Jill,2011,Comedy,PG,Sony Pictures,79000000.0,74158157.0,150519217.0
A Beautiful Mind,2001,Drama,PG-13,Universal,78000000.0,170708996.0,317668058.0
Cloudy with a Chance of Meatballs 2,2013,Adventure,PG,Sony Pictures,78000000.0,119793567.0,274392649.0
Exorcist: The Beginning,2004,Horror,R,Warner Bros.,78000000.0,41814863.0,43957541.0
The Little Prince,2016,Adventure,PG,Entertainment One,77500000.0,1311213.0,102029819.0
Despicable Me 2,2013,Adventure,PG,Universal,76000000.0,368065385.0,975216835.0
2 Fast 2 Furious,2003,Action,PG-13,Universal,76000000.0,127120058.0,236410607.0
The Secret Life of Pets,2016,Adventure,PG,Universal,75000000.0,368384330.0,886767422.0
Sing,2016,Adventure,PG,Universal,75000000.0,270329045.0,634547945.0
Despicable Me 3,2017,Adventure,PG,Universal,75000000.0,264624300.0,1034520868.0
Ice Age: The Meltdown,2006,Adventure,PG,20th Century Fox,75000000.0,195330621.0,651899282.0
Madagascar,2005,Adventure,PG,Dreamworks SKG,75000000.0,193595521.0,556559566.0
Grown Ups,2010,Comedy,PG-13,Sony Pictures,75000000.0,162001186.0,272223430.0
Shark Tale,2004,Adventure,PG,Dreamworks SKG,75000000.0,161412000.0,371917043.0
X-Men,2000,Action,PG-13,20th Century Fox,75000000.0,157299717.0,296872367.0
Wanted,2008,Action,R,Universal,75000000.0,134508551.0,342416460.0
Christopher Robin,2018,Adventure,PG,Walt Disney,75000000.0,98677443.0,186977443.0
Immortals,2011,Action,R,Relativity,75000000.0,83504017.0,211562435.0
The Terminal,2004,Drama,PG-13,Dreamworks SKG,75000000.0,77073959.0,218673959.0
Constantine,2005,Action,R,Warner Bros.,75000000.0,75976178.0,221594911.0
Monster House,2006,Adventure,PG,Sony Pictures,75000000.0,73661010.0,141267370.0
Vertical Limit,2000,Action,PG-13,Sony Pictures,75000000.0,68473360.0,213500000.0
Charlie Wilson's War,2007,Drama,R,Universal,75000000.0,66661095.0,119512771.0
Be Cool,2005,Comedy,PG-13,MGM,75000000.0,55849401.0,94944017.0
Munich,2005,Drama,R,Universal,75000000.0,47379090.0,131492772.0
Killers,2010,Action,PG-13,Lionsgate,75000000.0,47059963.0,95572749.0
The Man From U.N.C.L.E.,2015,Action,PG-13,Warner Bros.,75000000.0,45445109.0,105445109.0
Tears of the Sun,2003,Action,R,Sony Pictures,75000000.0,43632458.0,85632458.0
Lady in the Water,2006,Drama,PG-13,Warner Bros.,75000000.0,42285169.0,72785169.0
Spanglish,2004,Comedy,PG-13,Sony Pictures,75000000.0,42044321.0,54344321.0
Sucker Punch,2011,Action,PG-13,Warner Bros.,75000000.0,36392502.0,89758389.0
Hostage,2005,Action,R,Miramax,75000000.0,34636443.0,77636443.0
Hollywood Homicide,2003,Action,PG-13,Sony Pictures,75000000.0,30207785.0,50409753.0
Titan A.E.,2000,Adventure,PG,20th Century Fox,75000000.0,22751979.0,36751979.0
Flight of the Phoenix,2004,Adventure,PG-13,20th Century Fox,75000000.0,21009180.0,34009180.0
Monkeybone,2001,Comedy,PG-13,20th Century Fox,75000000.0,5409517.0,5409517.0
Minions,2015,Adventure,PG,Universal,74000000.0,336045770.0,1162781621.0
The Angry Birds Movie,2016,Adventure,PG,Sony Pictures,73000000.0,107509366.0,352829528.0
The Simpsons Movie,2007,Adventure,PG-13,20th Century Fox,72500000.0,183135014.0,527071022.0
Fool's Gold,2008,Adventure,PG-13,Warner Bros.,72500000.0,70231041.0,109362966.0
Funny People,2009,Comedy,R,Universal,72500000.0,51855045.0,71880305.0
The Kingdom,2007,Action,R,Universal,72500000.0,47467250.0,86509602.0
Dr. Dolittle 2,2001,Adventure,PG,20th Century Fox,72000000.0,112950721.0,176101721.0
Jarhead,2005,Drama,R,Universal,72000000.0,62647540.0,96947540.0
Driven,2001,Action,PG-13,Warner Bros.,72000000.0,32616869.0,54616869.0
The Majestic,2001,Drama,PG,Warner Bros.,72000000.0,27796042.0,37306334.0
Two Brothers,2004,Drama,PG,Universal,72000000.0,19176754.0,62176754.0
Shrek 2,2004,Adventure,PG,Dreamworks SKG,70000000.0,441226247.0,937008132.0
Cars,2006,Adventure,G,Walt Disney,70000000.0,244082982.0,461651246.0
xXx,2002,Action,PG-13,Sony Pictures,70000000.0,141930000.0,267200000.0
Ocean’s 8,2018,Action,PG-13,Warner Bros.,70000000.0,139377762.0,296277762.0
Inglourious Basterds,2009,Action,R,Weinstein Co.,70000000.0,120774594.0,316915264.0
S.W.A.T.,2003,Action,PG-13,Sony Pictures,70000000.0,116877597.0,207154748.0
Daddy’s Home 2,2017,Comedy,PG-13,Paramount Pictures,70000000.0,104029443.0,175809810.0
Battle: Los Angeles,2011,Action,PG-13,Sony Pictures,70000000.0,83552429.0,213463976.0
AVP: Alien Vs. Predator,2004,Horror,PG-13,20th Century Fox,70000000.0,80281096.0,172543519.0
War Horse,2011,Drama,PG-13,Walt Disney,70000000.0,79883359.0,156815529.0
We Were Soldiers,2002,Drama,R,Paramount Pictures,70000000.0,78120196.0,114658262.0
The Monuments Men,2014,Drama,PG-13,Sony Pictures,70000000.0,78031620.0,158702748.0
Storks,2016,Adventure,PG,Warner Bros.,70000000.0,72679278.0,174030321.0
Big Fish,2003,Drama,PG-13,Sony Pictures,70000000.0,66432867.0,123954323.0
Underworld: Awakening,2012,Action,R,Sony Pictures,70000000.0,62321039.0,160379930.0
The Lego Ninjago Movie,2017,Adventure,PG,Warner Bros.,70000000.0,59281555.0,122739546.0
Dracula Untold,2014,Action,PG-13,Universal,70000000.0,55991880.0,220241723.0
The Guardian,2006,Action,PG-13,Walt Disney,70000000.0,55011732.0,94973540.0
Wall Street 2: Money Never Sleeps,2010,Drama,PG-13,20th Century Fox,70000000.0,52474616.0,137431619.0
The Dilemma,2011,Comedy,PG-13,Universal,70000000.0,48475290.0,70546865.0
Rumor Has It,2005,Comedy,PG-13,Warner Bros.,70000000.0,42996140.0,88933562.0
Stardust,2007,Adventure,PG-13,Paramount Pictures,70000000.0,38634938.0,137022245.0
The Brave One,2007,Drama,R,Warner Bros.,70000000.0,36793804.0,69792704.0
I Spy,2002,Action,PG-13,Sony Pictures,70000000.0,33561137.0,60279822.0
Bad Company,2002,Action,PG-13,Walt Disney,70000000.0,30157016.0,69157016.0
Doom,2005,Horror,R,Universal,70000000.0,28212337.0,54612337.0
Killer Elite,2011,Action,R,Open Road,70000000.0,25124986.0,65409046.0
Hart's War,2002,Drama,R,MGM,70000000.0,19076815.0,33076815.0
Rollerball,2002,Action,PG-13,MGM,70000000.0,18990542.0,25852508.0
The Legend of Hercules,2014,Adventure,PG-13,Lionsgate,70000000.0,18848538.0,58953319.0
Ballistic: Ecks vs. Sever,2002,Action,R,Warner Bros.,70000000.0,14294842.0,14294842.0
Osmosis Jones,2001,Adventure,PG,Warner Bros.,70000000.0,13596911.0,13596911.0
Legends of Oz: Dorothy’s Return,2014,Adventure,PG,Clarius Entertainment,70000000.0,8462347.0,20107933.0
Agora,2010,Drama,R,Newmarket Films,70000000.0,619423.0,38992292.0
Despicable Me,2010,Adventure,PG,Universal,69000000.0,251513985.0,543464573.0
Dinner for Schmucks,2010,Comedy,PG-13,Paramount Pictures,69000000.0,73026337.0,86796502.0
The Twilight Saga: Eclipse,2010,Drama,PG-13,Summit Entertainment,68000000.0,300531751.0,706102828.0
The Sum of All Fears,2002,Action,PG-13,Paramount Pictures,68000000.0,118471320.0,193500000.0
Ted 2,2015,Comedy,R,Universal,68000000.0,81476385.0,217214143.0
Hall Pass,2011,Comedy,R,Warner Bros.,68000000.0,45060734.0,87173475.0
Dreamcatcher,2003,Drama,R,Warner Bros.,68000000.0,33685268.0,75685268.0
Downsizing,2017,Comedy,R,Paramount Pictures,68000000.0,24449754.0,48681134.0
Doctor Seuss' The Lorax,2012,Adventure,PG,Universal,67500000.0,214030500.0,350976753.0
Abraham Lincoln: Vampire Hunter,2012,Horror,R,20th Century Fox,67500000.0,37519139.0,137489730.0
The Last Legion,2007,Action,PG-13,Weinstein/Dimension,67000000.0,5932060.0,25357771.0
Need for Speed,2014,Action,PG-13,Walt Disney,66000000.0,43568507.0,194169619.0
Lincoln,2012,Drama,PG-13,Walt Disney,65000000.0,182207973.0,273346281.0
Ice Age,2002,Adventure,PG,20th Century Fox,65000000.0,176387405.0,386116343.0
The Santa Clause 2,2002,Adventure,G,Walt Disney,65000000.0,139225854.0,172825854.0
Unbroken,2014,Drama,PG-13,Universal,65000000.0,115637895.0,163527824.0
Spy!,2015,Comedy,R,20th Century Fox,65000000.0,110825712.0,233121406.0
Due Date,2010,Comedy,R,Warner Bros.,65000000.0,100539043.0,211739043.0
Step Brothers,2008,Comedy,R,Sony Pictures,65000000.0,100468793.0,128468793.0
Space Cowboys,2000,Adventure,PG-13,Warner Bros.,65000000.0,90454043.0,128874043.0
Pete’s Dragon,2016,Adventure,PG,Walt Disney,65000000.0,76233151.0,137768975.0
World Trade Center,2006,Drama,PG-13,Paramount Pictures,65000000.0,70278893.0,163295654.0
The Kid,2000,Comedy,PG,Walt Disney,65000000.0,69688384.0,69688384.0
Mona Lisa Smile,2003,Drama,PG-13,Sony Pictures,65000000.0,63803100.0,141205169.0
The Dictator,2012,Comedy,R,Paramount Pictures,65000000.0,59650222.0,180148897.0
Blade: Trinity,2004,Action,R,New Line,65000000.0,52397389.0,131353165.0
We Are Marshall,2006,Drama,PG,Warner Bros.,65000000.0,43545364.0,43545364.0
Resident Evil: Retribution,2012,Action,R,Sony Pictures,65000000.0,42345531.0,238940997.0
Death Race,2008,Action,R,Universal,65000000.0,36316032.0,72516819.0
Proof of Life,2000,Action,R,Warner Bros.,65000000.0,32598931.0,62761005.0
Zathura,2005,Adventure,PG,Sony Pictures,65000000.0,28045540.0,58545540.0
Elektra,2005,Action,PG-13,20th Century Fox,65000000.0,24409722.0,56824633.0
Astro Boy,2009,Adventure,PG,Summit Entertainment,65000000.0,19551067.0,41636243.0
"I, Frankenstein",2014,Action,PG-13,Lionsgate,65000000.0,19075290.0,74575290.0
Sin City: A Dame to Kill For,2014,Action,R,Weinstein Co.,65000000.0,13757804.0,40650842.0
Live by Night,2016,Drama,R,Warner Bros.,65000000.0,10378555.0,21778555.0
Lucky Numbers,2000,Comedy,R,Paramount Pictures,65000000.0,10014234.0,10014234.0
Oliver Twist,2005,Drama,PG-13,Sony/TriStar,65000000.0,2070920.0,26670920.0
Tian jiang xiong shi,2015,Action,R,Lionsgate,65000000.0,74070.0,122519874.0
Little Man,2006,Comedy,PG-13,Sony Pictures,64000000.0,58636047.0,101636047.0
Perfume: The Story of a Murderer,2006,Drama,R,Paramount Pictures,63700000.0,2223293.0,133603463.0
Austin Powers in Goldmember,2002,Comedy,PG-13,New Line,63000000.0,213117789.0,296338663.0
Hop,2011,Adventure,PG,Universal,63000000.0,108085305.0,188657593.0
U-571,2000,Action,PG-13,Universal,62000000.0,77086030.0,127630030.0
The Love Guru,2008,Comedy,PG-13,Paramount Pictures,62000000.0,32235793.0,40159017.0
3000 Miles to Graceland,2001,Drama,R,Warner Bros.,62000000.0,15738632.0,18708848.0
Blades of Glory,2007,Comedy,PG-13,Paramount Pictures,61000000.0,118594548.0,145594548.0
2 Guns,2013,Action,R,Universal,61000000.0,75612460.0,132493015.0
Meet the Fockers,2004,Comedy,PG-13,Universal,60000000.0,279167575.0,516567575.0
The Lego Movie,2014,Adventure,PG,Warner Bros.,60000000.0,257784718.0,457729388.0
Wild Hogs,2007,Comedy,PG-13,Walt Disney,60000000.0,168213584.0,253555383.0
Marley & Me,2008,Comedy,PG,20th Century Fox,60000000.0,143153751.0,247812011.0
Chicken Little,2005,Adventure,G,Walt Disney,60000000.0,135386665.0,310043823.0
Sully,2016,Drama,PG-13,Warner Bros.,60000000.0,125070033.0,238552082.0
Couples Retreat,2009,Comedy,PG-13,Universal,60000000.0,109205660.0,172450423.0
The Italian Job,2003,Adventure,PG-13,Paramount Pictures,60000000.0,106126012.0,176262839.0
Daddy Day Care,2003,Comedy,PG,Sony Pictures,60000000.0,104148781.0,164285587.0
Collateral,2004,Action,R,Dreamworks SKG,60000000.0,100170152.0,217670152.0
Cats & Dogs,2001,Comedy,PG,Warner Bros.,60000000.0,93375151.0,200700000.0
The Scorpion King,2002,Action,PG-13,Universal,60000000.0,90580000.0,165890634.0
Red,2010,Action,PG-13,Summit Entertainment,60000000.0,90380162.0,196439693.0
Starsky & Hutch,2004,Comedy,PG-13,Warner Bros.,60000000.0,88200225.0,170200225.0
Cheaper by the Dozen 2,2005,Adventure,PG,20th Century Fox,60000000.0,82571173.0,135015330.0
Eat Pray Love,2010,Drama,PG-13,Sony Pictures,60000000.0,80574010.0,206598789.0
Jack Reacher,2012,Drama,PG-13,Paramount Pictures,60000000.0,80070736.0,217370736.0
The Family Man,2000,Comedy,PG-13,Universal,60000000.0,75764085.0,124715863.0
Coraline,2009,Adventure,PG,Focus Features,60000000.0,75286229.0,126037057.0
Ladder 49,2004,Action,PG-13,Walt Disney,60000000.0,74541707.0,102332848.0
Kangaroo Jack,2003,Adventure,PG,Warner Bros.,60000000.0,66723216.0,90723216.0
London Has Fallen,2016,Action,R,Focus Features,60000000.0,62524260.0,194094168.0
The Shaggy Dog,2006,Comedy,PG,Walt Disney,60000000.0,61123569.0,87123569.0
Hellboy,2004,Action,PG-13,Sony Pictures,60000000.0,59623958.0,99823958.0
Jack Reacher: Never Go Back,2016,Action,PG-13,Paramount Pictures,60000000.0,58697076.0,160038407.0
Baywatch,2017,Comedy,R,Paramount Pictures,60000000.0,58060186.0,176023296.0
Joy,2015,Drama,PG-13,20th Century Fox,60000000.0,56451232.0,101134059.0
ParaNorman,2012,Adventure,PG,Focus Features,60000000.0,56003051.0,108119662.0
The Tale of Despereaux,2008,Adventure,G,Universal,60000000.0,50877145.0,90482317.0
The Boxtrolls,2014,Adventure,PG,Focus Features,60000000.0,50837305.0,111946251.0
The Tuxedo,2002,Action,PG-13,Dreamworks SKG,60000000.0,50586000.0,104429625.0
Jack Ryan: Shadow Recruit,2014,Action,PG-13,Paramount Pictures,60000000.0,50577412.0,131377412.0
Gangster Squad,2013,Drama,R,Warner Bros.,60000000.0,46000903.0,104100903.0
Smurfs: The Lost Village,2017,Adventure,PG,Sony Pictures,60000000.0,45020282.0,197422438.0
Year One,2009,Comedy,PG-13,Sony Pictures,60000000.0,43337279.0,57604723.0
Edge of Darkness,2010,Drama,R,Warner Bros.,60000000.0,43313890.0,82812456.0
Star Trek: Nemesis,2002,Adventure,PG-13,Paramount Pictures,60000000.0,43254409.0,67312826.0
Reign of Fire,2002,Action,PG-13,Walt Disney,60000000.0,43061982.0,82150183.0
Planet 51,2009,Adventure,PG,Sony Pictures,60000000.0,42194060.0,108996113.0
Invictus,2009,Drama,PG-13,Warner Bros.,60000000.0,37491364.0,124514011.0
Trouble with the Curve,2012,Drama,PG-13,Warner Bros.,60000000.0,35763137.0,47818913.0
Almost Famous,2000,Comedy,R,Dreamworks SKG,60000000.0,32522352.0,47371191.0
Analyze That,2002,Comedy,R,Warner Bros.,60000000.0,32122249.0,54994757.0
The Soloist,2009,Drama,PG-13,Paramount Pictures,60000000.0,31853584.0,38522450.0
The Legend of Bagger Vance,2000,Drama,PG-13,Dreamworks SKG,60000000.0,30695227.0,39235486.0
Dragonfly,2002,Drama,PG-13,Universal,60000000.0,30063805.0,30063805.0
First Man,2018,Drama,PG-13,Universal,60000000.0,30000050.0,55500050.0
Garfield: A Tail of Two Kitties,2006,Adventure,PG,20th Century Fox,60000000.0,28426747.0,147985373.0
XXX: State of the Union,2005,Action,PG-13,Sony Pictures,60000000.0,26873932.0,71073932.0
Sinbad: Legend of the Seven Seas,2003,Adventure,PG,Dreamworks SKG,60000000.0,26483452.0,80767884.0
The Spirit,2008,Action,PG-13,Lionsgate,60000000.0,19806188.0,39006188.0
The Last Castle,2001,Drama,R,Dreamworks SKG,60000000.0,18208078.0,20541668.0
Inkheart,2009,Adventure,PG,Warner Bros.,60000000.0,17303424.0,66655938.0
Supernova,2000,Action,PG-13,MGM,60000000.0,14218868.0,14816494.0
Flyboys,2006,Drama,PG-13,MGM,60000000.0,13090630.0,14816379.0
Winter's Tale,2014,Drama,PG-13,Warner Bros.,60000000.0,12600231.0,22468620.0
Meet Dave,2008,Adventure,PG,20th Century Fox,60000000.0,11803254.0,50648806.0
The Great Raid,2005,Action,R,Miramax,60000000.0,10166502.0,10597070.0
Rock Dog,2017,Adventure,PG,Lionsgate,60000000.0,9420546.0,24152192.0
Mortdecai,2015,Adventure,R,Lionsgate,60000000.0,7696134.0,30396134.0
Beyond Borders,2003,Drama,R,Paramount Pictures,60000000.0,4426297.0,11427090.0
Sherlock Gnomes,2018,Adventure,PG,Paramount Pictures,59000000.0,43242871.0,87750965.0
Deadpool,2016,Action,R,20th Century Fox,58000000.0,363070709.0,801029249.0
American Sniper,2014,Drama,R,Warner Bros.,58000000.0,350126372.0,547326372.0
Goosebumps,2015,Horror,PG,Sony Pictures,58000000.0,80069458.0,158905324.0
Red Tails,2012,Action,PG-13,20th Century Fox,58000000.0,49876377.0,50365498.0
The Internship,2013,Comedy,PG-13,20th Century Fox,58000000.0,44672764.0,93672764.0
The Flintstones in Viva Rock Vegas,2000,Adventure,PG,Universal,58000000.0,35231365.0,59431365.0
Sex and the City,2008,Comedy,R,Warner Bros.,57500000.0,152647258.0,415247258.0
Resident Evil: Afterlife,2010,Horror,R,Sony Pictures,57500000.0,60128566.0,295874190.0
That's My Boy,2012,Comedy,R,Sony Pictures,57500000.0,36931089.0,58085235.0
Ghost Rider: Spirit of Vengeance,2012,Action,PG-13,Sony Pictures,57000000.0,51774002.0,149217355.0
After the Sunset,2004,Action,PG-13,New Line,57000000.0,28328132.0,38329114.0
Captain Corelli's Mandolin,2001,Drama,R,Miramax,57000000.0,25528495.0,62097495.0
Anger Management,2003,Comedy,PG-13,Sony Pictures,56000000.0,135560942.0,195660942.0
The Pacifier,2005,Comedy,PG,Walt Disney,56000000.0,113006880.0,198006880.0
Walking Tall,2004,Action,PG-13,MGM,56000000.0,46213824.0,47313824.0
Alvin and the Chipmunks,2007,Adventure,PG,20th Century Fox,55000000.0,217326974.0,362605033.0
Meet the Parents,2000,Comedy,PG-13,Universal,55000000.0,166225040.0,330425040.0
The Pursuit of Happyness,2006,Drama,PG-13,Sony Pictures,55000000.0,162586036.0,307311093.0
Fifty Shades Darker,2017,Drama,R,Universal,55000000.0,114434010.0,381437482.0
Captain Phillips,2013,Drama,PG-13,Sony Pictures,55000000.0,107136417.0,220648184.0
American Wedding,2003,Comedy,R,Universal,55000000.0,104354205.0,126425115.0
Murder on the Orient Express,2017,Drama,PG-13,20th Century Fox,55000000.0,102826543.0,345924923.0
The Equalizer,2014,Action,R,Sony Pictures,55000000.0,101530738.0,192903624.0
Fifty Shades Freed,2018,Drama,R,Universal,55000000.0,100407760.0,371222158.0
Date Night,2010,Comedy,PG-13,20th Century Fox,55000000.0,98711404.0,152269033.0
Paddington,2015,Adventure,PG,Weinstein Co.,55000000.0,76223578.0,258789097.0
R.V.,2006,Adventure,PG,Sony Pictures,55000000.0,71724497.0,87473024.0
Kill Bill: Volume 1,2003,Action,R,Miramax,55000000.0,70098138.0,176469428.0
Mr. Poppers's Penguins,2011,Adventure,PG,20th Century Fox,55000000.0,68224452.0,189624452.0
Kill Bill: Volume 2,2004,Action,R,Miramax,55000000.0,66207920.0,153535982.0
Free Birds,2013,Adventure,PG,Relativity,55000000.0,55750480.0,110387072.0
The Forbidden Kingdom,2008,Action,PG-13,Lionsgate,55000000.0,52075270.0,129075270.0
Muppets Most Wanted,2014,Adventure,PG,Walt Disney,55000000.0,51178893.0,79312301.0
Kubo and the Two Strings,2016,Adventure,PG,Focus Features,55000000.0,48023088.0,77548564.0
Burlesque,2010,Drama,PG-13,Sony Pictures,55000000.0,39440655.0,90552675.0
The Watch,2012,Comedy,R,20th Century Fox,55000000.0,34353000.0,67130045.0
Stuck On You,2003,Comedy,PG-13,20th Century Fox,55000000.0,33832741.0,63537164.0
Semi-Pro,2008,Comedy,R,New Line,55000000.0,33479698.0,43980363.0
Crimson Peak,2015,Horror,R,Universal,55000000.0,31090320.0,75466595.0
The Pirates! Band of Misfits,2012,Adventure,PG,Sony Pictures,55000000.0,31051126.0,136143605.0
Aeon Flux,2005,Action,PG-13,Paramount Pictures,55000000.0,25857987.0,53913573.0
Elizabeth: The Golden Age,2007,Drama,PG-13,Universal,55000000.0,16285240.0,74870866.0
Imagine That,2009,Adventure,PG,Paramount Pictures,55000000.0,16222392.0,16222392.0
Gods and Generals,2003,Drama,PG-13,Warner Bros.,55000000.0,12882934.0,12923936.0
Bullet to the Head,2013,Action,R,Warner Bros.,55000000.0,9489829.0,22597969.0
All the King's Men,2006,Drama,PG-13,Sony Pictures,55000000.0,7221458.0,9521458.0
Thunderbirds,2004,Adventure,PG,Universal,55000000.0,6768055.0,28231444.0
Un long dimanche de fiançailles,2004,Drama,R,Warner Bros.,55000000.0,6167817.0,69759296.0
Lucky You,2007,Drama,PG-13,Warner Bros.,55000000.0,5755286.0,6521829.0
Blade 2,2002,Action,R,New Line,54000000.0,81676888.0,154338601.0
"You, Me and Dupree",2006,Comedy,PG-13,Universal,54000000.0,75802010.0,130402010.0
Seven Pounds,2008,Drama,PG-13,Sony Pictures,54000000.0,69951824.0,166617328.0
Elizabethtown,2005,Drama,PG-13,Paramount Pictures,54000000.0,26850426.0,50719373.0
The Dukes of Hazzard,2005,Comedy,PG-13,Warner Bros.,53000000.0,80270227.0,109848461.0
Black Mass,2015,Drama,R,Warner Bros.,53000000.0,62575678.0,98837872.0
Flags of Our Fathers,2006,Drama,R,Paramount Pictures,53000000.0,33602376.0,63657941.0
Grindhouse,2007,Horror,R,Weinstein/Dimension,53000000.0,25031037.0,50187789.0
Zero Dark Thirty,2012,Drama,R,Sony Pictures,52500000.0,95720716.0,134612435.0
Catch Me if You Can,2002,Drama,PG-13,Dreamworks SKG,52000000.0,164606800.0,355612291.0
The Change-Up,2011,Comedy,R,Universal,52000000.0,37243418.0,75997067.0
Bulletproof Monk,2003,Action,PG-13,MGM,52000000.0,23010607.0,23010607.0
Deck the Halls,2006,Comedy,PG,20th Century Fox,51000000.0,35093569.0,46815807.0
The Twilight Saga: New Moon,2009,Drama,PG-13,Summit Entertainment,50000000.0,296623634.0,687557727.0
Shrek,2001,Adventure,PG,Dreamworks SKG,50000000.0,267655011.0,491812794.0
Ted,2012,Adventure,R,Universal,50000000.0,218665740.0,556016627.0
22 Jump Street,2014,Comedy,R,Sony Pictures,50000000.0,191719337.0,331333876.0
Daddy’s Home,2015,Comedy,PG-13,Paramount Pictures,50000000.0,150357137.0,242757137.0
Central Intelligence,2016,Comedy,PG-13,Warner Bros.,50000000.0,127440871.0,217196811.0
Anchorman 2: The Legend Continues,2013,Comedy,PG-13,Paramount Pictures,50000000.0,127352707.0,172185754.0
Mr. Deeds,2002,Comedy,PG-13,Sony Pictures,50000000.0,126293452.0,171269535.0
Erin Brockovich,2000,Drama,R,Universal,50000000.0,125548685.0,257805243.0
Peter Rabbit,2018,Adventure,PG,Sony Pictures,50000000.0,115234093.0,347134901.0
Yes Man,2008,Comedy,PG-13,Warner Bros.,50000000.0,97690976.0,225990976.0
Non-Stop,2014,Action,PG-13,Universal,50000000.0,91742160.0,222383055.0
Disney Planes,2013,Adventure,PG,Walt Disney,50000000.0,90282580.0,238059569.0
The Emoji Movie,2017,Adventure,PG,Sony Pictures,50000000.0,86089513.0,216508301.0
"Crazy, Stupid, Love",2011,Comedy,PG-13,Warner Bros.,50000000.0,84351197.0,147142328.0
The Post,2017,Drama,PG-13,20th Century Fox,50000000.0,81903458.0,179769457.0
The Ring Two,2005,Horror,PG-13,Dreamworks SKG,50000000.0,75941727.0,161941727.0
We Bought a Zoo,2011,Drama,PG,20th Century Fox,50000000.0,75624550.0,118729073.0
Moneyball,2011,Drama,PG-13,Sony Pictures,50000000.0,75605492.0,111300835.0
Garfield: The Movie,2004,Adventure,PG,20th Century Fox,50000000.0,75367693.0,208094550.0
Christmas with the Kranks,2004,Comedy,PG,Sony Pictures,50000000.0,73701902.0,96469187.0
V for Vendetta,2006,Action,R,Warner Bros.,50000000.0,70511035.0,130214162.0
Race to Witch Mountain,2009,Adventure,PG,Walt Disney,50000000.0,67172595.0,105103784.0
Herbie: Fully Loaded,2005,Adventure,G,Walt Disney,50000000.0,66010682.0,144110682.0
Shanghai Knights,2003,Adventure,PG-13,Walt Disney,50000000.0,60470220.0,88316835.0
Planes: Fire and Rescue,2014,Adventure,PG,Walt Disney,50000000.0,59157732.0,156399644.0
Curious George,2006,Adventure,G,Universal,50000000.0,58640119.0,71052604.0
American Reunion,2012,Comedy,R,Universal,50000000.0,56758835.0,236799211.0
Hansel & Gretel: Witch Hunters,2013,Action,R,Paramount Pictures,50000000.0,55703475.0,214949716.0
I am Number Four,2011,Adventure,PG-13,Walt Disney,50000000.0,55100437.0,146195159.0
Unfaithful,2002,Drama,R,20th Century Fox,50000000.0,52752475.0,119114494.0
Resident Evil: Apocalypse,2004,Horror,R,Sony Pictures,50000000.0,50740078.0,125168734.0
The Book of Life,2014,Adventure,PG,20th Century Fox,50000000.0,50151543.0,97651543.0
The Judge,2014,Drama,R,Warner Bros.,50000000.0,47119388.0,76119388.0
Silent Hill,2006,Horror,R,Sony Pictures,50000000.0,46982632.0,94704227.0
The Replacements,2000,Comedy,PG-13,Warner Bros.,50000000.0,44737059.0,50054511.0
War Dogs,2016,Comedy,R,Warner Bros.,50000000.0,43034523.0,86234523.0
The Beach,2000,Drama,R,20th Century Fox,50000000.0,39778599.0,39778599.0
Ninja Assassin,2009,Action,R,Warner Bros.,50000000.0,38122883.0,62209892.0
Raising Helen,2004,Comedy,PG-13,Walt Disney,50000000.0,37485528.0,49928680.0
Marmaduke,2010,Adventure,PG,20th Century Fox,50000000.0,33644788.0,89895930.0
Zoolander 2,2016,Comedy,PG-13,Paramount Pictures,50000000.0,28848693.0,55348693.0
Defiance,2009,Drama,R,Paramount Vantage,50000000.0,28644813.0,52987754.0
Run All Night,2015,Action,R,Warner Bros.,50000000.0,26461644.0,66961644.0
The Life Aquatic with Steve Zissou,2004,Comedy,R,Walt Disney,50000000.0,24006726.0,34806726.0
Your Highness,2011,Comedy,R,Universal,50000000.0,21596445.0,26121638.0
Snowden,2016,Drama,R,Open Road,50000000.0,21587519.0,34841016.0
Dream House,2011,Horror,PG-13,Universal,50000000.0,21302340.0,41642166.0
Free State of Jones,2016,Drama,R,STX Entertainment,50000000.0,20810036.0,23237175.0
Gamer,2009,Action,R,Lionsgate,50000000.0,20534907.0,42002029.0
Into the Blue,2005,Adventure,PG-13,Sony Pictures,50000000.0,18782227.0,41982227.0
Drive Angry,2011,Action,R,Summit Entertainment,50000000.0,10721033.0,41042583.0
Domino,2005,Action,R,New Line,50000000.0,10169202.0,22969202.0
Early Man,2018,Adventure,PG,Lionsgate,50000000.0,8267544.0,44773318.0
The Boat That Rocked,2009,Comedy,R,Focus Features,50000000.0,8017467.0,37472651.0
The Big Bounce,2004,Comedy,PG-13,Warner Bros.,50000000.0,6471394.0,6626115.0
What Planet Are You From?,2000,Comedy,R,Sony Pictures,50000000.0,6291602.0,6291602.0
Outlander,2009,Adventure,R,Third Rail,50000000.0,166003.0,1250617.0
Shanghai,2015,Drama,R,Weinstein Co.,50000000.0,46425.0,15505922.0
The One,2001,Action,PG-13,Sony Pictures,49000000.0,43905746.0,72689126.0
Chappie,2015,Action,R,Sony Pictures,49000000.0,31569268.0,105002056.0
The Ring,2002,Horror,PG-13,Dreamworks SKG,48000000.0,129094024.0,248218486.0
Traffic,2000,Drama,R,USA Films,48000000.0,124107476.0,208300000.0
Taken 3,2015,Action,PG-13,20th Century Fox,48000000.0,89256424.0,327656424.0
Tooth Fairy,2010,Adventure,PG,20th Century Fox,48000000.0,60022256.0,112610386.0
Rat Race,2001,Comedy,PG-13,Paramount Pictures,48000000.0,56607223.0,86607223.0
K-PAX,2001,Drama,PG-13,Universal,48000000.0,50315140.0,50315140.0
Bedazzled,2000,Comedy,PG-13,20th Century Fox,48000000.0,37879996.0,90376224.0
Rambo,2008,Action,R,Lionsgate,47500000.0,42754105.0,112214531.0
Arrival,2016,Drama,PG-13,Paramount Pictures,47000000.0,100546139.0,203162211.0
Riding in Cars with Boys,2001,Drama,PG-13,Sony Pictures,47000000.0,29781453.0,29781453.0
Happily N'Ever After,2007,Adventure,PG,Lionsgate,47000000.0,15849032.0,37923818.0
Solaris,2002,Drama,PG-13,20th Century Fox,47000000.0,14970038.0,14970038.0
Jonah Hex,2010,Action,PG-13,Warner Bros.,47000000.0,10547117.0,11022696.0
Silence,2016,Drama,R,Paramount Pictures,46500000.0,7100177.0,23727516.0
Scary Movie 3,2003,Comedy,PG-13,Miramax/Dimension,45000000.0,110000082.0,155200000.0
Miss Congeniality,2000,Comedy,PG-13,Warner Bros.,45000000.0,106807667.0,213420951.0
Pitch Perfect 3,2017,Comedy,PG-13,Universal,45000000.0,104897530.0,185736412.0
Journey to the Center of the Earth,2008,Adventure,PG,Warner Bros.,45000000.0,101704370.0,243180937.0
The Bucket List,2007,Comedy,PG-13,Warner Bros.,45000000.0,93466502.0,174807445.0
The Muppets,2011,Adventure,PG,Walt Disney,45000000.0,88625922.0,160971922.0
Monster-in-Law,2005,Comedy,PG-13,New Line,45000000.0,82931301.0,155931301.0
Training Day,2001,Drama,R,Warner Bros.,45000000.0,76261036.0,104505362.0
Scary Movie 2,2001,Comedy,R,Miramax/Dimension,45000000.0,71277420.0,141189101.0
Coach Carter,2005,Drama,PG-13,Paramount Pictures,45000000.0,67264877.0,76665507.0
Underworld: Evolution,2006,Action,R,Sony Pictures,45000000.0,62318875.0,113417762.0
Coyote Ugly,2000,Drama,PG-13,Walt Disney,45000000.0,60786269.0,113916474.0
Office Christmas Party,2016,Comedy,R,Paramount Pictures,45000000.0,54767494.0,91340376.0
"Yours, Mine and Ours",2005,Comedy,PG,Paramount Pictures,45000000.0,53359917.0,72359917.0
Resident Evil: Extinction,2007,Action,R,Sony Pictures,45000000.0,50648679.0,146162920.0
Fat Albert,2004,Comedy,PG,20th Century Fox,45000000.0,48114556.0,48563556.0
All Eyez on Me,2017,Drama,R,Lionsgate,45000000.0,44922302.0,54876855.0
Last Holiday,2006,Comedy,PG-13,Paramount Pictures,45000000.0,38399961.0,43343247.0
16 Blocks,2006,Action,PG-13,Warner Bros.,45000000.0,36895141.0,65595141.0
The Ant Bully,2006,Adventure,PG,Warner Bros.,45000000.0,28142535.0,49610898.0
Johnny English,2003,Adventure,PG,Universal,45000000.0,28013509.0,163126676.0
Aliens in the Attic,2009,Adventure,PG,20th Century Fox,45000000.0,25200412.0,59551283.0
Revolutionary Road,2008,Drama,R,Paramount Vantage,45000000.0,22951340.0,79604820.0
Babylon A.D.,2008,Action,PG-13,20th Century Fox,45000000.0,22532572.0,70216497.0
The Pledge,2001,Drama,R,Warner Bros.,45000000.0,19719930.0,29406132.0
Rebound,2005,Comedy,PG,20th Century Fox,45000000.0,16809014.0,17492014.0
Dredd,2012,Action,R,Lionsgate,45000000.0,13414714.0,41467606.0
The Rum Diary,2011,Drama,R,FilmDistrict,45000000.0,13109815.0,21544732.0
Johnny English Reborn,2011,Adventure,PG,Universal,45000000.0,8406711.0,164640401.0
Miracle at St. Anna,2008,Drama,R,Walt Disney,45000000.0,7916887.0,9676497.0
Big Trouble,2002,Comedy,PG-13,Walt Disney,45000000.0,7262288.0,8488871.0
Man cheng jin dai huang jin jia,2006,Action,R,Sony Pictures Classics,45000000.0,6566773.0,76904429.0
Love in the Time of Cholera,2007,Drama,R,New Line,45000000.0,4617608.0,31077418.0
Charlie St. Cloud,2010,Drama,PG-13,Universal,44000000.0,31206263.0,48478084.0
The Interview,2014,Comedy,R,Sony Pictures,44000000.0,6105175.0,12342632.0
The Heat,2013,Comedy,R,20th Century Fox,43000000.0,159581587.0,229727774.0
Finding Forrester,2000,Drama,PG-13,Sony Pictures,43000000.0,51768623.0,80013623.0
28 Days,2000,Comedy,PG-13,Sony Pictures,43000000.0,37035515.0,62063972.0
Danny the Dog,2005,Action,R,Focus/Rogue Pictures,43000000.0,24537621.0,49037621.0
A Monster Calls,2017,Drama,PG-13,Focus Features,43000000.0,3740823.0,46414964.0
The Mechanic,2011,Action,R,CBS Films,42500000.0,29121498.0,76347393.0
21 Jump Street,2012,Comedy,R,Sony Pictures,42000000.0,138447667.0,202812429.0
Chicken Run,2000,Adventure,G,Dreamworks SKG,42000000.0,106793915.0,227793915.0
Brüno,2009,Comedy,R,Universal,42000000.0,60054530.0,138708527.0
Snatched,2017,Comedy,R,20th Century Fox,42000000.0,45852178.0,57852177.0
Here Comes the Boom,2012,Comedy,PG,Sony Pictures,42000000.0,45290318.0,73239258.0
One for the Money,2012,Comedy,PG-13,Lionsgate,42000000.0,26414527.0,36197221.0
Lord of War,2005,Action,R,Lionsgate,42000000.0,24149632.0,60437727.0
Micmacs,2010,Comedy,R,Sony Pictures Classics,42000000.0,1259693.0,11756922.0
8 Mile,2002,Drama,R,Universal,41000000.0,116724075.0,245768384.0
A Knight’s Tale,2001,Adventure,PG-13,Sony Pictures,41000000.0,56083966.0,100622586.0
The Medallion,2003,Comedy,PG-13,Sony Pictures,41000000.0,22108977.0,22108977.0
The Big Year,2011,Comedy,PG,20th Century Fox,41000000.0,7204138.0,7684524.0
Wedding Crashers,2005,Comedy,R,New Line,40000000.0,209218368.0,283218368.0
Fifty Shades of Grey,2015,Drama,R,Universal,40000000.0,166167230.0,570998101.0
Cheaper by the Dozen,2003,Comedy,PG,20th Century Fox,40000000.0,138614544.0,190212113.0
Lucy,2014,Action,R,Universal,40000000.0,126573960.0,457507776.0
Lone Survivor,2013,Action,R,Universal,40000000.0,125095601.0,149804632.0
Spy Kids 3-D: Game Over,2003,Adventure,PG,Miramax/Dimension,40000000.0,111760631.0,167851995.0
The Social Network,2010,Drama,PG-13,Sony Pictures,40000000.0,96962694.0,224922135.0
Julie & Julia,2009,Comedy,PG-13,Sony Pictures,40000000.0,94125426.0,126646119.0
John Wick: Chapter Two,2017,Action,R,Lionsgate,40000000.0,92029184.0,171370497.0
Ride Along 2,2016,Comedy,PG-13,Universal,40000000.0,90862685.0,124827316.0
Scary Movie 4,2006,Comedy,PG-13,Weinstein/Dimension,40000000.0,90710620.0,178710620.0
Get Hard,2015,Comedy,R,Warner Bros.,40000000.0,90411453.0,106511453.0
Scream 3,2000,Horror,R,Miramax,40000000.0,89138076.0,161838076.0
Dumb and Dumber To,2014,Comedy,PG-13,Universal,40000000.0,86208010.0,156553592.0
Eight Below,2006,Adventure,PG,Walt Disney,40000000.0,81612565.0,120455994.0
The Intern,2015,Comedy,PG-13,Warner Bros.,40000000.0,75764672.0,197232734.0
Ray,2004,Drama,PG-13,Universal,40000000.0,75305995.0,124823094.0
Sin City,2005,Action,R,Miramax/Dimension,40000000.0,74103820.0,158527918.0
"I Love You, Man",2009,Comedy,R,Paramount Pictures,40000000.0,72013010.0,92302502.0
Big Momma's House 2,2006,Comedy,PG-13,20th Century Fox,40000000.0,70165972.0,137047376.0
Hacksaw Ridge,2016,Drama,R,Lionsgate,40000000.0,67209615.0,168940583.0
The Mexican,2001,Action,R,Dreamworks SKG,40000000.0,66808615.0,145238250.0
The Final Destination,2009,Horror,R,Warner Bros.,40000000.0,66477700.0,187384627.0
17 Again,2009,Comedy,PG-13,Warner Bros.,40000000.0,64167069.0,139474906.0
Get Him to the Greek,2010,Comedy,R,Universal,40000000.0,61153526.0,91455875.0
Gothika,2003,Horror,R,Warner Bros.,40000000.0,59588068.0,141484812.0
Behind Enemy Lines,2001,Action,PG-13,20th Century Fox,40000000.0,58855732.0,58855732.0
Invincible,2006,Drama,PG,Walt Disney,40000000.0,57806952.0,58501127.0
Escape From Planet Earth,2013,Adventure,PG,Weinstein Co.,40000000.0,57012977.0,74156610.0
Horrible Bosses 2,2014,Comedy,R,Warner Bros.,40000000.0,54445357.0,105945357.0
The Count of Monte Cristo,2002,Drama,PG-13,Walt Disney,40000000.0,54228104.0,75389090.0
The Lake House,2006,Drama,PG,Warner Bros.,40000000.0,52330111.0,114830111.0
Predators,2010,Action,R,20th Century Fox,40000000.0,52000688.0,127234389.0
The Odd Life of Timothy Green,2012,Drama,PG,Walt Disney,40000000.0,51853450.0,55249159.0
Apocalypto,2006,Action,R,Walt Disney,40000000.0,50866635.0,121032272.0
The Skeleton Key,2005,Horror,PG-13,Universal,40000000.0,47907715.0,92256918.0
Jersey Boys,2014,Drama,R,Warner Bros.,40000000.0,47047013.0,65282732.0
A Million Ways to Die in The West,2014,Comedy,R,Universal,40000000.0,42720965.0,86778557.0
Final Destination 5,2011,Horror,R,Warner Bros.,40000000.0,42587643.0,155011165.0
Aliens vs. Predator - Requiem,2007,Action,R,20th Century Fox,40000000.0,41797066.0,128884494.0
The Water Horse: Legend of the Deep,2007,Drama,PG,Sony Pictures,40000000.0,40412817.0,103429755.0
Sex Tape,2014,Comedy,R,Sony Pictures,40000000.0,38543473.0,126069509.0
Scream 4,2011,Horror,R,Weinstein/Dimension,40000000.0,38180928.0,95989590.0
Autumn in New York,2000,Drama,PG-13,MGM,40000000.0,37752931.0,90717684.0
Paul,2011,Comedy,R,Universal,40000000.0,37412945.0,101162106.0
The Guilt Trip,2012,Comedy,PG-13,Paramount Pictures,40000000.0,37134215.0,41294674.0
Hanging Up,2000,Comedy,PG-13,Sony Pictures,40000000.0,36037909.0,51867723.0
Pay it Forward,2000,Drama,PG-13,Warner Bros.,40000000.0,33508922.0,55696705.0
Drillbit Taylor,2008,Comedy,PG-13,Paramount Pictures,40000000.0,32862104.0,49686263.0
Extremely Loud and Incredibly Close,2011,Drama,PG-13,Warner Bros.,40000000.0,31847881.0,55247881.0
Morning Glory,2010,Comedy,PG-13,Paramount Pictures,40000000.0,31011732.0,59795070.0
Get Rich or Die Tryin',2005,Drama,R,Paramount Pictures,40000000.0,30981850.0,46666955.0
Grudge Match,2013,Comedy,PG-13,Warner Bros.,40000000.0,29807260.0,69807260.0
The Nut Job 2: Nutty by Nature,2017,Adventure,PG,Open Road,40000000.0,28370522.0,57465156.0
The Musketeer,2001,Adventure,PG-13,Universal,40000000.0,27053815.0,27053815.0
Resident Evil: The Final Chapter,2017,Action,R,Sony Pictures,40000000.0,26844692.0,312825686.0
The Other Boleyn Girl,2008,Drama,PG-13,Sony Pictures,40000000.0,26814957.0,78269970.0
The House,2017,Comedy,R,Warner Bros.,40000000.0,25584504.0,31192743.0
Sweet November,2001,Drama,PG-13,Warner Bros.,40000000.0,25288103.0,65754228.0
The Reaping,2007,Horror,R,Warner Bros.,40000000.0,25126214.0,62226214.0
City by the Sea,2002,Drama,R,Warner Bros.,40000000.0,22433915.0,22433915.0
Torque,2004,Action,PG-13,Warner Bros.,40000000.0,21176322.0,46176322.0
Fantastic Mr. Fox,2009,Adventure,PG,20th Century Fox,40000000.0,21002919.0,47083412.0
Big Miracle,2012,Drama,PG,Universal,40000000.0,20157300.0,25268680.0
The Impossible,2012,Drama,PG-13,Lionsgate,40000000.0,19019882.0,169590606.0
A Thousand Words,2012,Comedy,PG-13,Paramount Pictures,40000000.0,18450127.0,20790486.0
Marie Antoinette,2006,Drama,PG-13,Sony Pictures,40000000.0,15962471.0,60862471.0
Get Carter,2000,Drama,R,Warner Bros.,40000000.0,14967182.0,19417182.0
Amelia,2009,Drama,PG,Fox Searchlight,40000000.0,14279575.0,19756077.0
New York Minute,2004,Comedy,PG,Warner Bros.,40000000.0,14018364.0,21215882.0
FearDotCom,2002,Horror,R,Warner Bros.,40000000.0,13208023.0,13208023.0
Soul Men,2008,Comedy,R,MGM,40000000.0,12082391.0,12345883.0
Pandorum,2009,Horror,R,Overture Films,40000000.0,10330853.0,17033431.0
Duplex,2003,Comedy,PG-13,Miramax,40000000.0,9652000.0,10070651.0
Extreme Ops,2002,Action,PG-13,Paramount Pictures,40000000.0,4835968.0,12624471.0
Just Visiting,2001,Comedy,PG-13,Walt Disney,40000000.0,4777007.0,16172200.0
Billy Lynn’s Long Halftime Walk,2016,Drama,R,Sony Pictures,40000000.0,1738477.0,30230402.0
Delgo,2008,Adventure,PG,Freestyle Releasing,40000000.0,915840.0,915840.0
The Hunting Party,2007,Adventure,R,Weinstein Co.,40000000.0,876671.0,7729552.0
Alex Rider: Operation Stormbreaker,2006,Action,PG,Weinstein Co.,40000000.0,659210.0,20722450.0
Red Cliff,2009,Action,R,Magnolia Pictures,40000000.0,627047.0,119627047.0
The Last Shot,2004,Comedy,R,Walt Disney,40000000.0,463730.0,463730.0
Nomad,2007,Drama,R,Weinstein Co.,40000000.0,79123.0,79123.0
USS Indianapolis: Men of Courage,2016,Drama,R,Saban Films,40000000.0,0.0,1641255.0
The Time Traveler's Wife,2009,Drama,PG-13,Warner Bros.,39000000.0,63414846.0,102332135.0
Because I Said So,2007,Comedy,PG-13,Universal,39000000.0,42674040.0,69538833.0
Frankenweenie,2012,Adventure,PG,Walt Disney,39000000.0,35287788.0,81150788.0
Serenity,2005,Action,PG-13,Universal,39000000.0,25514517.0,40319440.0
Against the Ropes,2004,Drama,PG-13,Paramount Pictures,39000000.0,5881504.0,6429865.0
Yi dai zong shi,2013,Action,PG-13,Weinstein Co.,38600000.0,6594959.0,57987299.0
The Fast and the Furious,2001,Action,PG-13,Universal,38000000.0,144512310.0,206512310.0
Sweet Home Alabama,2002,Comedy,PG-13,Walt Disney,38000000.0,127214072.0,182365114.0
Paul Blart: Mall Cop 2,2015,Adventure,PG,Sony Pictures,38000000.0,71091594.0,107650646.0
Why Him?,2016,Comedy,R,20th Century Fox,38000000.0,60323786.0,117439538.0
Water for Elephants,2011,Drama,PG-13,20th Century Fox,38000000.0,58709717.0,116809717.0
Riddick,2013,Action,R,Universal,38000000.0,42025135.0,94763758.0
The 5th Wave,2016,Action,PG-13,Sony Pictures,38000000.0,34912982.0,111336398.0
Rush,2013,Drama,R,Universal,38000000.0,26947624.0,98230839.0
Angel Eyes,2001,Drama,R,Warner Bros.,38000000.0,24044532.0,29544532.0
Joe Somebody,2001,Comedy,PG,20th Century Fox,38000000.0,22770864.0,24515990.0
Only the Brave,2017,Drama,PG-13,Sony Pictures,38000000.0,18340051.0,24181629.0
Rock Star,2001,Drama,R,Warner Bros.,38000000.0,16991902.0,19317765.0
City of Ember,2008,Adventure,PG,20th Century Fox,38000000.0,7873007.0,17831558.0
The Master,2012,Drama,R,Weinstein Co.,37500000.0,16247159.0,50647416.0
The Express,2008,Drama,PG,Universal,37500000.0,9793406.0,9813309.0
We're the Millers,2013,Comedy,R,Warner Bros.,37000000.0,150394119.0,267816276.0
Creed,2015,Drama,PG-13,Warner Bros.,37000000.0,109767581.0,173567581.0
The Town,2010,Drama,R,Warner Bros.,37000000.0,92186262.0,152566881.0
Dolphin Tale,2011,Drama,PG,Warner Bros.,37000000.0,72286779.0,96068724.0
Game Night,2018,Comedy,R,Warner Bros.,37000000.0,69001013.0,117201013.0
13 Going On 30,2004,Comedy,PG-13,Sony Pictures,37000000.0,57139723.0,97658712.0
Nim's Island,2008,Adventure,PG,20th Century Fox,37000000.0,48006762.0,101857425.0
Cop Out,2010,Comedy,R,Warner Bros.,37000000.0,44875481.0,55909910.0
The Rite,2011,Horror,PG-13,Warner Bros.,37000000.0,33047633.0,97143987.0
Space Chimps,2008,Adventure,G,20th Century Fox,37000000.0,30105968.0,67029956.0
Aloha,2015,Drama,PG-13,Sony Pictures,37000000.0,21052030.0,24935799.0
A Star is Born,2018,Drama,R,Warner Bros.,36000000.0,126181246.0,200881246.0
Gnomeo and Juliet,2011,Comedy,G,Walt Disney,36000000.0,99967670.0,193737977.0
John Q,2002,Drama,PG-13,New Line,36000000.0,71026631.0,102226631.0
Hot Tub Time Machine,2010,Comedy,R,MGM,36000000.0,50269859.0,65967750.0
Dolphin Tale 2,2014,Drama,PG,Warner Bros.,36000000.0,42024533.0,57824533.0
Collateral Beauty,2016,Drama,PG-13,Warner Bros.,36000000.0,31016021.0,85315070.0
A Man Apart,2003,Action,R,New Line,36000000.0,26500000.0,43797731.0
Reindeer Games,2000,Action,R,Miramax,36000000.0,23360779.0,23360779.0
Isn't She Great,2000,Comedy,R,Universal,36000000.0,2954405.0,2954405.0
Yip Man 3,2016,Action,PG-13,Well Go USA,36000000.0,2679437.0,157300954.0
There Be Dragons,2011,Drama,PG-13,Samuel Goldwyn Films,36000000.0,1069334.0,4020990.0
Queen of the Desert,2017,Drama,PG-13,IFC Films,36000000.0,0.0,1578543.0
Head of State,2003,Comedy,PG-13,Dreamworks SKG,35200000.0,37788228.0,38283765.0
It,2017,Horror,R,Warner Bros.,35000000.0,327481748.0,697459228.0
The Hangover,2009,Comedy,R,Warner Bros.,35000000.0,277322503.0,465764086.0
The Blind Side,2009,Drama,PG-13,Warner Bros.,35000000.0,255959475.0,305705794.0
Identity Thief,2013,Comedy,R,Universal,35000000.0,134506920.0,175361578.0
The Devil Wears Prada,2006,Comedy,PG-13,20th Century Fox,35000000.0,124740460.0,326073155.0
Horrible Bosses,2011,Comedy,R,Warner Bros.,35000000.0,117538559.0,212417601.0
Spy Kids,2001,Adventure,PG,Miramax/Dimension,35000000.0,112692062.0,197692062.0
Trainwreck,2015,Comedy,R,Universal,35000000.0,110212700.0,141123897.0
Saving Mr. Banks,2013,Drama,PG-13,Walt Disney,35000000.0,83299761.0,114962525.0
Hotel for Dogs,2009,Adventure,PG,Paramount Pictures,35000000.0,73178547.0,122357172.0
Guess Who,2005,Comedy,PG-13,Sony Pictures,35000000.0,68915888.0,102115888.0
This is 40,2012,Comedy,R,Universal,35000000.0,67544505.0,90221182.0
Sky High,2005,Adventure,PG,Walt Disney,35000000.0,63939454.0,83109359.0
The Benchwarmers,2006,Comedy,PG-13,Sony Pictures,35000000.0,59843754.0,65063726.0
Secretariat,2010,Drama,PG,Walt Disney,35000000.0,59699513.0,60376247.0
Neighbors 2: Sorority Rising,2016,Comedy,R,Universal,35000000.0,55340730.0,108758521.0
TMNT,2007,Action,PG,Warner Bros.,35000000.0,54149098.0,96096018.0
Radio,2003,Drama,PG,Sony Pictures,35000000.0,52333738.0,53293628.0
Sicario: Day of the Soldado,2018,Action,R,Sony Pictures,35000000.0,50065850.0,73285196.0
Old Dogs,2009,Comedy,PG,Walt Disney,35000000.0,49492060.0,95104304.0
Underworld 3: Rise of the Lycans,2009,Action,R,Sony Pictures,35000000.0,45802315.0,89102315.0
12 Strong,2018,Drama,R,Warner Bros.,35000000.0,45500164.0,70798829.0
Max Payne,2008,Action,PG-13,20th Century Fox,35000000.0,40689393.0,85763888.0
Resident Evil,2002,Horror,R,Sony Pictures,35000000.0,40119709.0,103787401.0
The Ladykillers,2004,Comedy,R,Walt Disney,35000000.0,39692139.0,77392139.0
The Nativity Story,2006,Drama,PG,New Line,35000000.0,37629831.0,46309644.0
J. Edgar,2011,Drama,R,Warner Bros.,35000000.0,37306030.0,84606030.0
Bounce,2000,Drama,PG-13,Miramax,35000000.0,36805288.0,53425292.0
Mile 22,2018,Action,R,STX Entertainment,35000000.0,36108758.0,64708758.0
The Foreigner,2017,Action,R,STX Entertainment,35000000.0,34393507.0,140783646.0
Closer,2004,Drama,R,Sony Pictures,35000000.0,33987757.0,116177695.0
Black Knight,2001,Adventure,PG-13,20th Century Fox,35000000.0,33422806.0,33422806.0
The Pianist,2002,Drama,R,Focus Features,35000000.0,32519322.0,111854182.0
House of Wax,2005,Horror,R,Warner Bros.,35000000.0,32064800.0,70064800.0
Adrift,2018,Drama,PG-13,STX Entertainment,35000000.0,31445011.0,57931376.0
Mirrors,2008,Horror,R,20th Century Fox,35000000.0,30691439.0,77220596.0
Queen of the Damned,2002,Horror,R,Warner Bros.,35000000.0,30307804.0,30307804.0
Nanny McPhee and the Big Bang,2010,Adventure,PG,Universal,35000000.0,29197642.0,97799865.0
Goosebumps 2: Haunted Halloween,2018,Horror,PG,Sony Pictures,35000000.0,28804812.0,39904812.0
Superhero Movie,2008,Comedy,PG-13,MGM,35000000.0,26638520.0,73026302.0
Jersey Girl,2004,Comedy,PG-13,Miramax,35000000.0,25266129.0,37066129.0
Heist,2001,Action,R,New Line,35000000.0,23483357.0,28906817.0
Whiskey Tango Foxtrot,2016,Comedy,R,Paramount Pictures,35000000.0,23083334.0,25350747.0
Ella Enchanted,2004,Comedy,PG,Miramax,35000000.0,22913677.0,22913677.0
Hitman: Agent 47,2015,Action,R,20th Century Fox,35000000.0,22467450.0,81959582.0
The X-Files: I Want to Believe,2008,Action,PG-13,20th Century Fox,35000000.0,20982478.0,68170792.0
Valiant,2005,Adventure,G,Walt Disney,35000000.0,19478106.0,64188387.0
Wonder Boys,2000,Comedy,R,Paramount Pictures,35000000.0,19389454.0,33422485.0
Cursed,2005,Horror,PG-13,Miramax/Dimension,35000000.0,19294901.0,25114901.0
Walk Hard: The Dewey Cox Story,2007,Comedy,R,Sony Pictures,35000000.0,18317151.0,20606053.0
The Four Feathers,2002,Drama,PG-13,Paramount Pictures,35000000.0,18306166.0,29882645.0
Furry Vengeance,2010,Adventure,PG,Summit Entertainment,35000000.0,17630465.0,39340177.0
Bait,2000,Action,R,Warner Bros.,35000000.0,15325127.0,15471969.0
Dungeons and Dragons,2000,Adventure,PG-13,New Line,35000000.0,15185241.0,33771965.0
Lions for Lambs,2007,Drama,R,United Artists,35000000.0,14998070.0,63211088.0
The Tree of Life,2011,Drama,PG-13,Fox Searchlight,35000000.0,13305665.0,61721826.0
Zoom,2006,Adventure,PG,Sony Pictures,35000000.0,11989328.0,12506188.0
The Shipping News,2001,Drama,R,Miramax,35000000.0,11405825.0,24405825.0
The Young Victoria,2009,Drama,PG,Apparition,35000000.0,11001272.0,31878891.0
Sabotage,2014,Action,R,Open Road,35000000.0,10508518.0,18376443.0
Unfinished Business,2015,Comedy,R,20th Century Fox,35000000.0,10219501.0,12819501.0
The Walk,2015,Drama,PG,Sony Pictures,35000000.0,10161183.0,61197045.0
The Fountain,2006,Drama,PG-13,Warner Bros.,35000000.0,10144010.0,15461638.0
Mandela: Long Walk to Freedom,2013,Drama,PG-13,Weinstein Co.,35000000.0,8323085.0,29890402.0
Punisher: War Zone,2008,Action,R,Lionsgate,35000000.0,8050977.0,10157534.0
A Good Year,2006,Drama,PG-13,20th Century Fox,35000000.0,7459300.0,42064105.0
The Brothers Grimsby,2016,Comedy,R,Sony Pictures,35000000.0,6864016.0,28721408.0
Luther,2003,Drama,PG-13,RS Entertainment,35000000.0,5781086.0,32736879.0
Biutiful,2011,Drama,R,Roadside Attractions,35000000.0,5101237.0,24687524.0
A Hologram for the King,2016,Drama,R,Roadside Attractions,35000000.0,4212494.0,11848058.0
Stolen,2012,Action,R,Alchemy,35000000.0,289773.0,17967746.0
The Lovers,2015,Adventure,PG-13,IFC Films,35000000.0,0.0,11106.0
The Darkest Hour,2011,Action,PG-13,Summit Entertainment,34800000.0,21443494.0,62831715.0
The Longest Ride,2015,Drama,PG-13,20th Century Fox,34000000.0,37446117.0,63802928.0
Gake no ue no Ponyo,2009,Adventure,G,Walt Disney,34000000.0,15090399.0,205312666.0
I Dreamed of Africa,2000,Drama,PG-13,Sony Pictures,34000000.0,6543194.0,14291999.0
Big Momma's House,2000,Comedy,PG-13,20th Century Fox,33000000.0,117559438.0,173559438.0
Exit Wounds,2001,Action,R,Warner Bros.,33000000.0,51758599.0,79958599.0
Mike and Dave Need Wedding Dates,2016,Comedy,R,20th Century Fox,33000000.0,46009673.0,75909673.0
Step Up Revolution,2012,Drama,PG-13,Lionsgate,33000000.0,35074677.0,165552290.0
The Punisher,2004,Action,R,Lionsgate,33000000.0,33664370.0,54533774.0
Safe,2012,Action,R,Lionsgate,33000000.0,17142080.0,41495213.0
Doomsday,2008,Action,R,Universal,33000000.0,11008770.0,21621188.0
Goal! The Dream Begins,2006,Drama,PG,Walt Disney,33000000.0,4283255.0,27610873.0
Bridesmaids,2011,Comedy,R,Universal,32500000.0,169211718.0,289632023.0
The Reader,2008,Drama,R,Weinstein Co.,32500000.0,34194407.0,112964875.0
Wanderlust,2012,Comedy,R,Universal,32500000.0,17288155.0,24159934.0
Elf,2003,Adventure,PG,New Line,32000000.0,173398518.0,220236410.0
This is the End,2013,Comedy,R,Sony Pictures,32000000.0,101470202.0,126539117.0
Snow Dogs,2002,Adventure,PG,Walt Disney,32000000.0,81150692.0,116898028.0
Nacho Libre,2006,Comedy,PG,Paramount Pictures,32000000.0,80197993.0,99296462.0
Takers,2010,Drama,PG-13,Sony Pictures,32000000.0,57744720.0,70587268.0
Men of Honor,2000,Drama,R,20th Century Fox,32000000.0,48814909.0,82339483.0
I Feel Pretty,2018,Comedy,PG-13,STX Entertainment,32000000.0,48795601.0,91569698.0
The Transporter 2,2005,Action,PG-13,20th Century Fox,32000000.0,43095856.0,88978458.0
"Big Mommas: Like Father, Like Son",2011,Comedy,PG-13,20th Century Fox,32000000.0,37915414.0,82332450.0
Dreamer: Inspired by a True Story,2005,Drama,PG,Dreamworks SKG,32000000.0,33022286.0,39498360.0
A History of Violence,2005,Drama,R,New Line,32000000.0,31493782.0,61477797.0
The Incredible Burt Wonderstone,2013,Comedy,PG-13,Warner Bros.,32000000.0,22537881.0,27392609.0
Repo Men,2010,Action,R,Universal,32000000.0,13942007.0,18195238.0
Dragon Wars: D-War,2007,Action,PG-13,Freestyle Releasing,32000000.0,10977721.0,79915361.0
The Good German,2006,Drama,R,Warner Bros.,32000000.0,1308696.0,6678033.0
Criminal,2016,Action,R,Lionsgate,31500000.0,14708696.0,38771262.0
Flight,2012,Drama,R,Paramount Pictures,31000000.0,93772375.0,160558438.0
The Grand Budapest Hotel,2014,Comedy,R,Fox Searchlight,31000000.0,59076019.0,164180547.0
Vacation,2015,Comedy,R,Warner Bros.,31000000.0,58884188.0,101627989.0
Frequency,2000,Drama,PG-13,New Line,31000000.0,44983704.0,68079671.0
Hearts in Atlantis,2001,Drama,PG-13,Warner Bros.,31000000.0,24185781.0,30885781.0
Extraordinary Measures,2010,Drama,PG,CBS Films,31000000.0,12482741.0,15826984.0
Birth of the Dragon,2017,Action,PG-13,BH Tilt,31000000.0,6901965.0,7220514.0
American Pie 2,2001,Comedy,R,Universal,30000000.0,145096820.0,286500000.0
The Vow,2012,Drama,PG-13,Sony Pictures,30000000.0,125014030.0,197618160.0
Lee Daniels' The Butler,2013,Drama,PG-13,Weinstein Co.,30000000.0,116632095.0,177025498.0
Remember the Titans,2000,Drama,PG,Walt Disney,30000000.0,115654751.0,136706683.0
Dodgeball: A True Underdog Story,2004,Comedy,PG-13,20th Century Fox,30000000.0,114326736.0,167791704.0
The Princess Diaries,2001,Comedy,G,Walt Disney,30000000.0,108244774.0,165334774.0
Million Dollar Baby,2004,Drama,PG-13,Warner Bros.,30000000.0,100492203.0,231928227.0
Mystic River,2003,Drama,R,Warner Bros.,30000000.0,90135191.0,156822020.0
Sisters,2015,Comedy,R,Universal,30000000.0,87044645.0,106030660.0
SpongeBob SquarePants: The Movie,2004,Adventure,PG,Paramount Pictures,30000000.0,85416609.0,142051255.0
Up in the Air,2009,Drama,R,Paramount Pictures,30000000.0,83823381.0,166842739.0
The Notebook,2004,Drama,PG-13,New Line,30000000.0,81001787.0,116025023.0
Hannah Montana the Movie,2009,Drama,G,Walt Disney,30000000.0,79576189.0,169173206.0
Rugrats in Paris,2000,Adventure,G,Paramount Pictures,30000000.0,76501438.0,103284813.0
The Hitman’s Bodyguard,2017,Action,R,Lionsgate,30000000.0,75468583.0,172779292.0
Four Brothers,2005,Drama,R,Paramount Pictures,30000000.0,74494381.0,92494381.0
Looper,2012,Action,R,Sony Pictures,30000000.0,66486205.0,170466405.0
About Schmidt,2002,Drama,R,New Line,30000000.0,65005217.0,107054484.0
The Nut Job,2014,Adventure,PG,Open Road,30000000.0,64251538.0,122529966.0
Down to Earth,2001,Comedy,PG-13,Paramount Pictures,30000000.0,64172251.0,71172251.0
Forgetting Sarah Marshall,2008,Comedy,R,Universal,30000000.0,63172463.0,105173042.0
Friday Night Lights,2004,Drama,PG-13,Universal,30000000.0,61255921.0,61950770.0
Baby Mama,2008,Comedy,PG-13,Universal,30000000.0,60494212.0,64170447.0
Bride Wars,2009,Comedy,PG,20th Century Fox,30000000.0,58715510.0,115150424.0
Without a Paddle,2004,Comedy,PG-13,Paramount Pictures,30000000.0,58156435.0,65121280.0
Darkest Hour,2017,Drama,PG-13,Focus Features,30000000.0,56443120.0,150355828.0
Corpse Bride,2005,Adventure,PG,Warner Bros.,30000000.0,53359111.0,114770654.0
Letters to Juliet,2010,Drama,PG,Summit Entertainment,30000000.0,53032453.0,82148538.0
Blow,2001,Drama,R,New Line,30000000.0,52990775.0,83282296.0
Life of the Party,2018,Comedy,PG-13,Warner Bros.,30000000.0,52856061.0,65556061.0
Southpaw,2015,Drama,R,Weinstein Co.,30000000.0,52421953.0,94207861.0
Like Mike,2002,Adventure,PG,20th Century Fox,30000000.0,51432423.0,62432423.0
Atonement,2007,Drama,R,Focus Features,30000000.0,50980159.0,129779728.0
Racing Stripes,2005,Adventure,PG,Warner Bros.,30000000.0,49772522.0,89955540.0
Den of Thieves,2018,Action,R,STX Entertainment,30000000.0,44947622.0,79424321.0
The Three Stooges,2012,Adventure,PG,20th Century Fox,30000000.0,44338224.0,54052249.0
Pokemon 2000,2000,Adventure,G,Warner Bros.,30000000.0,43746923.0,133946923.0
John Wick,2014,Action,R,Lionsgate,30000000.0,43037835.0,76235001.0
Glory Road,2006,Drama,PG,Walt Disney,30000000.0,42647449.0,42799060.0
The Age of Adaline,2015,Drama,PG-13,Lionsgate,30000000.0,42629776.0,69057415.0
Step Up 3D,2010,Drama,PG-13,Walt Disney,30000000.0,42400223.0,165889117.0
Drag Me To Hell,2009,Horror,PG-13,Universal,30000000.0,42100625.0,91388487.0
Secondhand Lions,2003,Drama,PG,New Line,30000000.0,42070939.0,47902566.0
Stranger Than Fiction,2006,Comedy,PG-13,Sony Pictures,30000000.0,40435190.0,53572822.0
Hanna,2011,Drama,PG-13,Focus Features,30000000.0,40259119.0,65343694.0
Blue Crush,2002,Drama,PG-13,Universal,30000000.0,40118420.0,51618420.0
30 Days of Night,2007,Horror,R,Sony Pictures,30000000.0,39568996.0,80276156.0
Gridiron Gang,2006,Drama,PG-13,Sony Pictures,30000000.0,38432823.0,41457834.0
Meet the Spartans,2008,Comedy,PG-13,20th Century Fox,30000000.0,38233676.0,84646831.0
The 15:17 to Paris,2018,Drama,PG-13,Warner Bros.,30000000.0,36250957.0,56070897.0
Take the Lead,2006,Drama,PG-13,New Line,30000000.0,34742066.0,65390493.0
Love and Other Drugs,2010,Drama,R,20th Century Fox,30000000.0,32367005.0,102716321.0
Entourage,2015,Comedy,R,Warner Bros.,30000000.0,32363404.0,46362449.0
What's the Worst That Could Happen?,2001,Comedy,PG-13,MGM,30000000.0,32267774.0,38462071.0
Deliver Us from Evil,2014,Horror,R,Sony Pictures,30000000.0,30577122.0,87956618.0
Get on Up,2014,Drama,PG-13,Universal,30000000.0,30569935.0,33339868.0
Winnie the Pooh,2011,Adventure,G,Walt Disney,30000000.0,26692846.0,50145607.0
White Boy Rick,2018,Drama,R,Sony Pictures,30000000.0,23851700.0,23851700.0
Sanctum,2011,Adventure,R,Universal,30000000.0,23209310.0,104283753.0
My Super Ex-Girlfriend,2006,Comedy,PG-13,20th Century Fox,30000000.0,22530295.0,60772856.0
Ballerina,2017,Adventure,PG,Weinstein Co.,30000000.0,21858070.0,96908157.0
Mr. 3000,2004,Comedy,PG-13,Walt Disney,30000000.0,21800302.0,21827296.0
Assault On Precinct 13,2005,Action,R,Focus/Rogue Pictures,30000000.0,20040895.0,36040895.0
Ultraviolet,2006,Action,PG-13,Sony Pictures,30000000.0,18522064.0,30962112.0
North Country,2005,Drama,R,Warner Bros.,30000000.0,18324242.0,23676771.0
Steve Jobs,2015,Drama,R,Universal,30000000.0,17766658.0,35579007.0
Eight Legged Freaks,2002,Comedy,PG-13,Warner Bros.,30000000.0,17266505.0,36722311.0
Splice,2010,Horror,R,Warner Bros.,30000000.0,17010170.0,28542494.0
The Whole Ten Yards,2004,Comedy,PG-13,Warner Bros.,30000000.0,16323969.0,26323969.0
Pride and Glory,2008,Drama,R,Warner Bros.,30000000.0,15740721.0,43440721.0
The Cave,2005,Horror,PG-13,Sony Pictures,30000000.0,15007991.0,27147991.0
Alex & Emma,2003,Drama,PG-13,Warner Bros.,30000000.0,14208384.0,15358583.0
The New World,2005,Adventure,PG-13,New Line,30000000.0,12712093.0,26184400.0
Evening,2007,Drama,PG-13,Focus Features,30000000.0,12406646.0,12885574.0
The Last Stand,2013,Action,R,Lionsgate,30000000.0,12050299.0,48330757.0
Hoodwinked Too: Hood vs. Evil,2011,Adventure,PG,Weinstein Co.,30000000.0,10143779.0,23353111.0
Dragonball Evolution,2009,Adventure,PG,20th Century Fox,30000000.0,9362785.0,58228460.0
An Unfinished Life,2005,Drama,PG-13,Miramax,30000000.0,8535575.0,18535575.0
The Space Between Us,2017,Drama,PG-13,STX Entertainment,30000000.0,7885294.0,16481405.0
The Imaginarium of Doctor Parnassus,2009,Adventure,PG-13,Sony Pictures Classics,30000000.0,7689607.0,64352607.0
Barney's Version,2011,Drama,R,Sony Pictures Classics,30000000.0,7502560.0,8845575.0
The Merchant of Venice,2004,Drama,R,Sony Pictures Classics,30000000.0,3765585.0,18765585.0
The Good Thief,2003,Drama,R,Fox Searchlight,30000000.0,3517797.0,6460758.0
Supercross,2005,Action,PG-13,20th Century Fox,30000000.0,3102550.0,3252550.0
Miss Potter,2006,Drama,PG,MGM,30000000.0,3005605.0,35891257.0
Wu ji,2006,Action,PG-13,Warner Independent,30000000.0,669625.0,35869934.0
Machine Gun Preacher,2011,Drama,R,Relativity,30000000.0,538690.0,3721988.0
Bilal: A New Breed of Hero,2018,Adventure,PG-13,Vertical Entertainment,30000000.0,490973.0,648599.0
DOA: Dead or Alive,2007,Action,PG-13,Weinstein/Dimension,30000000.0,480314.0,7755686.0
Xinhai geming,2011,Drama,R,Variance Films,30000000.0,135739.0,8593154.0
Wild Card,2015,Action,R,Lionsgate,30000000.0,3200.0,3989464.0
Goodbye Bafana,2007,Drama,,Paramount Vantage,30000000.0,0.0,2717302.0
Collide,2017,Action,PG-13,Open Road,29200000.0,2280004.0,5466631.0
Pitch Perfect 2,2015,Comedy,PG-13,Universal,29000000.0,184296230.0,287641616.0
Walk the Line,2005,Drama,PG-13,20th Century Fox,29000000.0,119519402.0,187707495.0
Night School,2018,Comedy,PG-13,Universal,29000000.0,66906825.0,84406825.0
The Boss,2016,Comedy,R,Universal,29000000.0,63077560.0,78652395.0
Once Upon a Time in Mexico,2003,Action,R,Sony Pictures,29000000.0,56330657.0,97413527.0
Logan Lucky,2017,Comedy,PG-13,Bleecker Street,29000000.0,27778642.0,43886147.0
Florence Foster Jenkins,2016,Drama,PG-13,Paramount Pictures,29000000.0,27383770.0,56017691.0
Frost/Nixon,2008,Drama,R,Universal,29000000.0,18622031.0,28452945.0
Seed of Chucky,2004,Horror,R,Focus/Rogue Pictures,29000000.0,17016190.0,24716190.0
Confessions of a Dangerous Mind,2002,Drama,R,Miramax,29000000.0,16007718.0,33013805.0
Taking Woodstock,2009,Drama,R,Focus Features,29000000.0,7460204.0,10066366.0
Straight Outta Compton,2015,Drama,R,Universal,28000000.0,161197785.0,202182981.0
Girls Trip,2017,Comedy,R,Universal,28000000.0,115108515.0,140886353.0
A Bad Moms Christmas,2017,Comedy,R,STX Entertainment,28000000.0,72110659.0,127710659.0
Safe Haven,2013,Drama,PG-13,Relativity,28000000.0,71399120.0,94050951.0
The Big Short,2015,Drama,R,Paramount Pictures,28000000.0,70259870.0,133162752.0
Role Models,2008,Comedy,R,Universal,28000000.0,67300955.0,94500826.0
Miracle,2004,Drama,PG,Walt Disney,28000000.0,64378093.0,64474705.0
Last Vegas,2013,Comedy,PG-13,CBS Films,28000000.0,63914167.0,112914167.0
Tag,2018,Comedy,R,Warner Bros.,28000000.0,54547470.0,76844788.0
Zoolander,2001,Comedy,PG-13,Paramount Pictures,28000000.0,45172250.0,60780981.0
Pride & Prejudice,2005,Drama,PG,Focus Features,28000000.0,38372662.0,126549607.0
30 Minutes or Less,2011,Comedy,R,Sony Pictures,28000000.0,37053924.0,40966716.0
Dracula 2000,2000,Horror,R,Miramax,28000000.0,33000377.0,33000377.0
Kick-Ass 2,2013,Action,R,Universal,28000000.0,28795985.0,63129909.0
We Own the Night,2007,Drama,R,Sony Pictures,28000000.0,28563179.0,55307857.0
A Walk Among the Tombstones,2014,Action,R,Universal,28000000.0,26017685.0,62108587.0
The Spy Next Door,2010,Adventure,PG,Lionsgate,28000000.0,24307106.0,46752858.0
Brick Mansions,2014,Action,PG-13,Relativity,28000000.0,20396829.0,73421224.0
John Carpenter's Ghosts of Mars,2001,Action,R,Screen Media Films,28000000.0,8434601.0,8434601.0
Our Brand is Crisis,2015,Drama,R,Warner Bros.,28000000.0,7002261.0,8592432.0
My Sister's Keeper,2009,Drama,PG-13,Warner Bros.,27500000.0,49200230.0,96673002.0
Welcome Home Roscoe Jenkins,2008,Comedy,PG-13,Universal,27500000.0,42436517.0,43607627.0
Notes on a Scandal,2006,Drama,R,Fox Searchlight,27500000.0,17510118.0,50578411.0
Spy Kids: All the Time in the World,2011,Adventure,PG,Weinstein/Dimension,27000000.0,38536376.0,80681183.0
The Duchess,2008,Drama,PG-13,Paramount Vantage,27000000.0,13848978.0,45160110.0
Case 39,2010,Horror,R,Paramount Vantage,27000000.0,13261851.0,28773827.0
The Honeymooners,2005,Comedy,PG-13,Paramount Pictures,27000000.0,12834849.0,13174426.0
Martian Child,2007,Drama,PG,New Line,27000000.0,7500310.0,9352089.0
Formula 51,2002,Action,R,Screen Media Films,27000000.0,5204007.0,5204007.0
What Just Happened,2008,Comedy,R,Magnolia Pictures,27000000.0,1090947.0,2412123.0
Paul Blart: Mall Cop,2009,Adventure,PG,Sony Pictures,26000000.0,146336178.0,185904750.0
The 40 Year-old Virgin,2005,Comedy,R,Universal,26000000.0,109449237.0,177344230.0
Pineapple Express,2008,Comedy,R,Sony Pictures,26000000.0,87341380.0,102404019.0
Pain & Gain,2013,Action,R,Paramount Pictures,26000000.0,49875291.0,81275291.0
Final Destination 2,2003,Horror,R,New Line,26000000.0,46896664.0,90396664.0
"O Brother, Where Art Thou?",2000,Comedy,PG-13,Walt Disney,26000000.0,45506619.0,75763814.0
In Good Company,2004,Comedy,PG-13,Universal,26000000.0,45489752.0,63489752.0
Lawless,2012,Drama,R,Weinstein Co.,26000000.0,37397291.0,54393637.0
Clockstoppers,2002,Adventure,PG,Paramount Pictures,26000000.0,36985501.0,38788828.0
Brothers,2009,Drama,R,Lionsgate,26000000.0,28544157.0,45043870.0
The Best of Me,2014,Drama,PG-13,Relativity,26000000.0,26766213.0,41059418.0
Welcome to Mooseport,2004,Comedy,PG-13,20th Century Fox,26000000.0,14469428.0,14469428.0
The Curse of the Jade Scorpion,2001,Comedy,PG-13,Dreamworks SKG,26000000.0,7496522.0,18496522.0
The Fifth Estate,2013,Drama,R,Walt Disney,26000000.0,3254172.0,6154172.0
Blood Ties,2014,Drama,R,Roadside Attractions,26000000.0,42472.0,2923959.0
Accidental Love,2015,Comedy,PG-13,Alchemy,26000000.0,0.0,135436.0
The Constant Gardener,2005,Drama,R,Focus Features,25500000.0,33579798.0,86301599.0
W.,2008,Drama,PG-13,Lionsgate,25100000.0,25534493.0,28575778.0
The Passion of the Christ,2004,Drama,R,Newmarket Films,25000000.0,370782930.0,622341924.0
The Help,2011,Drama,PG-13,Walt Disney,25000000.0,169705587.0,213120004.0
Hidden Figures,2016,Drama,PG,20th Century Fox,25000000.0,169607287.0,231771716.0
Gran Torino,2008,Drama,R,Warner Bros.,25000000.0,148095302.0,274543085.0
Ride Along,2014,Comedy,PG-13,Universal,25000000.0,134202565.0,153733800.0
Scooby-Doo 2: Monsters Unleashed,2004,Adventure,PG,Warner Bros.,25000000.0,84185387.0,181185387.0
Freddy vs. Jason,2003,Horror,R,New Line,25000000.0,82622655.0,114576403.0
Bridge to Terabithia,2007,Drama,PG,Walt Disney,25000000.0,82234139.0,137984788.0
Jimmy Neutron: Boy Genius,2001,Adventure,G,Paramount Pictures,25000000.0,80936232.0,102992536.0
Cloverfield,2008,Action,PG-13,Paramount Pictures,25000000.0,80048433.0,171302226.0
Dear John,2010,Drama,PG-13,Sony Pictures,25000000.0,80014842.0,142033509.0
Parental Guidance,2012,Adventure,PG,20th Century Fox,25000000.0,77267296.0,120832383.0
No Country for Old Men,2007,Action,R,Miramax,25000000.0,74273505.0,164035753.0
Contraband,2012,Action,R,Universal,25000000.0,66528000.0,98406855.0
A Dog’s Purpose,2017,Drama,PG,Universal,25000000.0,64321890.0,203731707.0
The Lucky One,2012,Drama,PG-13,Warner Bros.,25000000.0,60457138.0,96633833.0
Romeo Must Die,2000,Action,R,Warner Bros.,25000000.0,55973336.0,91036760.0
Final Destination 3,2006,Horror,R,New Line,25000000.0,54098051.0,112798051.0
Madea's Big Happy Family,2011,Drama,PG-13,Lionsgate,25000000.0,53345287.0,54160818.0
Tyler Perry's A Madea Christmas,2013,Comedy,PG-13,Lionsgate,25000000.0,52543354.0,52543354.0
Finding Neverland,2004,Drama,PG,Miramax,25000000.0,51676606.0,115036108.0
The House Bunny,2008,Comedy,PG-13,Sony Pictures,25000000.0,48237389.0,71390601.0
Agent Cody Banks,2003,Adventure,PG,MGM,25000000.0,47545060.0,58240458.0
Nanny McPhee,2006,Adventure,PG,Universal,25000000.0,47279279.0,128745578.0
The Giver,2014,Drama,PG-13,Weinstein Co.,25000000.0,45090374.0,55090374.0
The Night Before,2015,Comedy,R,Sony Pictures,25000000.0,43035725.0,52427346.0
The Hours,2002,Drama,PG-13,Paramount Pictures,25000000.0,41675994.0,97030468.0
There Will Be Blood,2007,Drama,R,Paramount Vantage,25000000.0,40222514.0,77208711.0
The Wild Thornberrys Movie,2002,Adventure,PG,Paramount Pictures,25000000.0,40108697.0,60694737.0
Rugrats Go Wild,2003,Adventure,PG,Paramount Pictures,25000000.0,39402572.0,55443032.0
Undercover Brother,2002,Comedy,PG-13,Universal,25000000.0,38230435.0,40796145.0
Kiss of the Dragon,2001,Action,R,20th Century Fox,25000000.0,36833473.0,36833473.0
Million Dollar Arm,2014,Drama,PG,Walt Disney,25000000.0,36447959.0,39217912.0
Beauty Shop,2004,Comedy,PG-13,MGM,25000000.0,36351350.0,38351350.0
What a Girl Wants,2003,Comedy,PG,Warner Bros.,25000000.0,35990505.0,35990505.0
Jeepers Creepers II,2003,Horror,R,MGM,25000000.0,35623801.0,119923801.0
Cradle 2 the Grave,2003,Action,R,Warner Bros.,25000000.0,34657731.0,56434942.0
Mr. Bean’s Holiday,2007,Adventure,G,Universal,25000000.0,33302167.0,234981342.0
Fist Fight,2017,Comedy,R,Warner Bros.,25000000.0,32187017.0,40287017.0
August Rush,2007,Drama,PG,Warner Bros.,25000000.0,31664162.0,66015869.0
The Sitter,2011,Comedy,R,20th Century Fox,25000000.0,30542576.0,38749404.0
Draft Day,2014,Drama,PG-13,Lionsgate,25000000.0,28842237.0,29847480.0
Rings,2017,Horror,PG-13,Paramount Pictures,25000000.0,27793018.0,82933201.0
Dance Flick,2009,Comedy,PG-13,Paramount Pictures,25000000.0,25794018.0,32224624.0
Crocodile Dundee in Los Angeles,2001,Adventure,PG,Paramount Pictures,25000000.0,25590119.0,39393111.0
Ice Princess,2005,Comedy,G,Walt Disney,25000000.0,24381334.0,25732334.0
Don't Be Afraid of the Dark,2011,Horror,R,FilmDistrict,25000000.0,24046682.0,39126427.0
The Losers,2010,Action,PG-13,Warner Bros.,25000000.0,23591432.0,29863840.0
War,2007,Action,R,Lionsgate,25000000.0,22486409.0,40686409.0
A Lot Like Love,2005,Comedy,PG-13,Walt Disney,25000000.0,21835784.0,41921590.0
The Eagle,2011,Action,PG-13,Focus Features,25000000.0,19490041.0,38993548.0
Shaun the Sheep,2015,Adventure,PG,Lionsgate,25000000.0,19375982.0,101927062.0
Shark Night 3D,2011,Horror,PG-13,Relativity,25000000.0,18877153.0,18877153.0
CHiPS,2017,Action,R,Warner Bros.,25000000.0,18600152.0,23190697.0
Punch-Drunk Love,2002,Comedy,R,Sony Pictures,25000000.0,17791031.0,24591031.0
Eurotrip,2004,Comedy,R,Dreamworks SKG,25000000.0,17718223.0,20718223.0
Father Figures,2017,Comedy,R,Warner Bros.,25000000.0,17501244.0,21038826.0
The Ruins,2008,Horror,R,Paramount Pictures,25000000.0,17432844.0,22910563.0
Unaccompanied Minors,2006,Adventure,PG,Warner Bros.,25000000.0,16655224.0,21970831.0
Half Past Dead,2002,Action,PG-13,Sony Pictures,25000000.0,15567860.0,19233280.0
The Greatest Game Ever Played,2005,Drama,PG,Walt Disney,25000000.0,15331289.0,15468266.0
The Next Best Thing,2000,Drama,PG-13,Paramount Pictures,25000000.0,14983572.0,24355762.0
My Soul to Take,2010,Horror,R,Universal,25000000.0,14744435.0,16727470.0
Fly Me To the Moon,2008,Adventure,G,Summit Entertainment,25000000.0,14543943.0,43530281.0
Stealing Harvard,2002,Comedy,PG-13,Sony Pictures,25000000.0,13973532.0,13973532.0
Hot Rod,2007,Comedy,PG-13,Paramount Pictures,25000000.0,13938332.0,14334401.0
Warrior,2011,Drama,PG-13,Lionsgate,25000000.0,13657115.0,24215385.0
Battle of the Sexes,2017,Drama,PG-13,Fox Searchlight,25000000.0,12638526.0,18445094.0
Cirque du Soleil: Worlds Away,2012,Drama,PG,Paramount Pictures,25000000.0,12512862.0,28012862.0
The 33,2015,Drama,PG-13,Warner Bros.,25000000.0,12227722.0,28400715.0
The Conspirator,2011,Drama,PG-13,Roadside Attractions,25000000.0,11538204.0,15907411.0
The Powerpuff Girls,2002,Adventure,PG,Warner Bros.,25000000.0,11411644.0,16425701.0
The Lords of Dogtown,2005,Action,PG-13,Sony/TriStar,25000000.0,11273517.0,13424365.0
Stop-Loss,2008,Drama,R,Paramount Pictures,25000000.0,10915744.0,11229035.0
Possession,2002,Drama,PG-13,Focus Features,25000000.0,10103647.0,14805812.0
The Road,2009,Drama,R,Weinstein Co.,25000000.0,8114270.0,29206732.0
The Hoax,2007,Drama,R,Walt Disney,25000000.0,7164995.0,7164995.0
Say It Isn't So,2001,Comedy,R,20th Century Fox,25000000.0,5516708.0,5516708.0
The World's Fastest Indian,2005,Drama,PG-13,Magnolia Pictures,25000000.0,5128124.0,18991288.0
King's Ransom,2005,Comedy,PG-13,New Line,25000000.0,4008527.0,4049527.0
Carnage,2011,Drama,R,Sony Pictures Classics,25000000.0,2546747.0,38112154.0
Tulip Fever,2017,Drama,R,Weinstein Co.,25000000.0,2455635.0,6498776.0
BloodRayne,2006,Action,R,Romar,25000000.0,2405420.0,3605420.0
Me and Orson Welles,2009,Drama,PG-13,Freestyle Releasing,25000000.0,1190003.0,1190003.0
On the Road,2013,Drama,R,IFC Films,25000000.0,720828.0,9313302.0
Love Ranch,2010,Drama,R,,25000000.0,137885.0,146149.0
Ironclad,2011,Action,R,ARC Entertainment,25000000.0,0.0,5297411.0
Old School,2003,Comedy,R,Dreamworks SKG,24000000.0,75155000.0,86765463.0
Rocky Balboa,2006,Drama,PG,MGM,24000000.0,70269899.0,156229050.0
Fences,2016,Drama,PG-13,Paramount Pictures,24000000.0,57682904.0,64282881.0
The Whole Nine Yards,2000,Comedy,R,Warner Bros.,24000000.0,57262492.0,85527867.0
Going in Style,2017,Comedy,PG-13,Warner Bros.,24000000.0,45018541.0,78673103.0
Zack and Miri Make a Porno,2008,Comedy,R,Weinstein Co.,24000000.0,31457946.0,36856306.0
Double Take,2001,Action,PG-13,Walt Disney,24000000.0,29823162.0,29823162.0
Piranha 3D,2010,Horror,R,Weinstein/Dimension,24000000.0,25003155.0,83660160.0
Faster,2010,Action,R,CBS Films,24000000.0,23240020.0,35792945.0
Ready to Rumble,2000,Comedy,PG-13,Warner Bros.,24000000.0,12372410.0,12372410.0
I Don't Know How She Does It,2011,Comedy,PG-13,Weinstein Co.,24000000.0,9659074.0,24474463.0
Beyond the Sea,2004,Drama,PG-13,Lionsgate,24000000.0,6144806.0,8292914.0
Hauru no ugoku shiro,2005,Adventure,PG,Walt Disney,24000000.0,4710455.0,237814327.0
The Bridge of San Luis Rey,2005,Drama,PG,Fine Line,24000000.0,49981.0,1696765.0
Zombieland,2009,Comedy,R,Sony Pictures,23600000.0,75590286.0,102236596.0
The Wedding Ringer,2015,Comedy,R,Sony Pictures,23000000.0,64460211.0,80171596.0
Final Destination,2000,Horror,R,New Line,23000000.0,53302314.0,112036870.0
The Ides of March,2011,Drama,R,Sony Pictures,23000000.0,40962534.0,77735925.0
Pitch Black,2000,Horror,R,USA Films,23000000.0,39235088.0,53182088.0
Her,2014,Drama,R,Warner Bros.,23000000.0,25568251.0,48259031.0
Kari gurashi no Arietti,2012,Adventure,G,Walt Disney,23000000.0,19192510.0,151496097.0
Vanity Fair,2004,Drama,PG-13,Focus Features,23000000.0,16123851.0,19123851.0
Eddie the Eagle,2016,Drama,PG-13,20th Century Fox,23000000.0,15789389.0,45061177.0
The Crew,2000,Comedy,PG-13,Walt Disney,23000000.0,13019253.0,13019253.0
The Longshots,2008,Drama,PG,MGM,23000000.0,11511323.0,11778396.0
In the Valley of Elah,2007,Drama,R,Warner Bros.,23000000.0,6777741.0,24489150.0
Coco avant Chanel,2009,Drama,PG-13,Sony Pictures Classics,23000000.0,6113834.0,50813834.0
Chéri,2009,Drama,R,Miramax,23000000.0,2715657.0,2715657.0
Rogue,2008,Horror,R,Weinstein Co.,23000000.0,10452.0,4673377.0
The Water Diviner,2015,Drama,R,Warner Bros.,22500000.0,4200117.0,30864649.0
The Game Plan,2007,Comedy,PG,Walt Disney,22000000.0,90648202.0,146590987.0
The Rookie,2002,Drama,G,Walt Disney,22000000.0,75600072.0,80491516.0
Son of God,2014,Drama,PG-13,20th Century Fox,22000000.0,59700064.0,70949793.0
The Animal,2001,Comedy,PG-13,Sony Pictures,22000000.0,55762229.0,55762229.0
Underworld,2003,Action,R,Sony Pictures,22000000.0,51970690.0,95708457.0
Diary of a Wimpy Kid: Dog Days,2012,Adventure,PG,20th Century Fox,22000000.0,49008662.0,77229695.0
I Am Sam,2001,Drama,PG-13,New Line,22000000.0,40270895.0,92542418.0
Derailed,2005,Action,R,Weinstein Co.,22000000.0,36020063.0,57520063.0
Delivery Man,2013,Comedy,PG-13,Walt Disney,22000000.0,30659817.0,70536870.0
"Hail, Caesar!",2016,Comedy,PG-13,Universal,22000000.0,30080225.0,64171419.0
Jay and Silent Bob Strike Back,2001,Comedy,R,Miramax/Dimension,22000000.0,30059386.0,33762400.0
Deuce Bigalow: European Gigolo,2005,Comedy,R,Sony Pictures,22000000.0,22400154.0,45273464.0
Diary of a Wimpy Kid: The Long Haul,2017,Adventure,PG,20th Century Fox,22000000.0,20738724.0,35608734.0
Mad Money,2008,Comedy,PG-13,Overture Films,22000000.0,20668843.0,25044057.0
Homefront,2013,Action,R,Open Road,22000000.0,20158492.0,51695362.0
Igor,2008,Adventure,PG,MGM,22000000.0,19528602.0,31013349.0
Saving Silverman,2001,Comedy,R,Sony Pictures,22000000.0,19351569.0,25873142.0
The Transporter Refueled,2015,Action,PG-13,EuropaCorp,22000000.0,16029670.0,69698495.0
Josie and the Pussycats,2001,Comedy,PG-13,Universal,22000000.0,14252830.0,14252830.0
Hit & Run,2012,Comedy,R,Open Road,22000000.0,13749300.0,17216955.0
The Little Vampire,2000,Adventure,PG,New Line,22000000.0,13555988.0,13555988.0
I Heart Huckabees,2004,Comedy,R,Fox Searchlight,22000000.0,12784713.0,20034713.0
"Roman J. Israel, Esq.",2017,Drama,PG-13,Sony Pictures,22000000.0,11962712.0,12967012.0
Out of the Furnace,2013,Drama,R,Relativity,22000000.0,11330849.0,15434375.0
Just Getting Started,2017,Comedy,PG-13,Broad Green Pictures,22000000.0,6069605.0,6756452.0
Megiddo: Omega Code 2,2001,Action,PG-13,8X Entertainment,22000000.0,6047691.0,6047691.0
The Libertine,2005,Drama,R,Weinstein Co.,22000000.0,4835065.0,9448623.0
Stone,2010,Drama,R,Overture Films,22000000.0,1810078.0,4065020.0
Joyeux Noël,2006,Drama,PG-13,Sony Pictures Classics,22000000.0,1054361.0,23134075.0
Molière,2007,Comedy,PG-13,Sony Pictures Classics,21600000.0,635733.0,791154.0
Michael Clayton,2007,Drama,R,Warner Bros.,21500000.0,49033882.0,92987651.0
Silver Linings Playbook,2012,Drama,R,Weinstein Co.,21000000.0,132092958.0,236412453.0
Blockers,2018,Comedy,R,Universal,21000000.0,59839515.0,93442495.0
Hardball,2001,Drama,PG-13,Paramount Pictures,21000000.0,40222729.0,43728560.0
For Colored Girls,2010,Drama,R,Lionsgate,21000000.0,37729698.0,38017873.0
Freedom Writers,2007,Drama,PG-13,Paramount Pictures,21000000.0,36605602.0,43632609.0
The Transporter,2002,Action,PG-13,20th Century Fox,21000000.0,25296447.0,43928932.0
Never Back Down,2008,Action,PG-13,Summit Entertainment,21000000.0,24850922.0,39319801.0
Swing Vote,2008,Comedy,PG-13,Walt Disney,21000000.0,16289867.0,17589867.0
Away We Go,2009,Comedy,R,Focus Features,21000000.0,9451946.0,10108016.0
Moonlight Mile,2002,Drama,PG-13,Walt Disney,21000000.0,6830957.0,6830957.0
The Beaver,2011,Comedy,PG-13,Summit Entertainment,21000000.0,970816.0,5046038.0
Bitter Harvest,2017,Drama,R,Roadside Attractions,21000000.0,557241.0,606162.0
Pulse,2006,Horror,R,Weinstein/Dimension,20500000.0,20264436.0,30241435.0
The Conjuring,2013,Horror,R,Warner Bros.,20000000.0,137400141.0,318000141.0
Bringing Down the House,2003,Comedy,PG-13,Walt Disney,20000000.0,132675402.0,164675402.0
Wonder,2017,Drama,PG,Lionsgate,20000000.0,132422809.0,305051118.0
Jackass 3D,2010,Comedy,R,Paramount Pictures,20000000.0,117229692.0,171685793.0
Bad Moms,2016,Comedy,R,STX Entertainment,20000000.0,113257297.0,180999077.0
Beverly Hills Chihuahua,2008,Adventure,PG,Walt Disney,20000000.0,94514402.0,154218168.0
Tammy,2014,Comedy,R,Warner Bros.,20000000.0,84525432.0,96407655.0
The Descendants,2011,Drama,R,Fox Searchlight,20000000.0,82624961.0,175507800.0
School of Rock,2003,Comedy,PG-13,Paramount Pictures,20000000.0,81261177.0,131944672.0
White Chicks,2004,Comedy,PG-13,Sony Pictures,20000000.0,69148997.0,111448997.0
Holes,2003,Drama,PG,Walt Disney,20000000.0,67383924.0,71232214.0
The Last Song,2010,Drama,PG,Walt Disney,20000000.0,62950384.0,92678948.0
Why Did I Get Married Too?,2010,Drama,PG-13,Lionsgate,20000000.0,60095852.0,60831067.0
12 Years a Slave,2013,Drama,R,Fox Searchlight,20000000.0,56671993.0,181025343.0
Drumline,2002,Comedy,PG-13,20th Century Fox,20000000.0,56398162.0,56398162.0
Me Before You,2016,Drama,PG-13,Warner Bros.,20000000.0,56245075.0,208314186.0
Barbershop: The Next Cut,2016,Comedy,PG-13,Warner Bros.,20000000.0,54030051.0,54404202.0
Selma,2015,Drama,PG-13,Paramount Pictures,20000000.0,52076908.0,66776576.0
Date Movie,2006,Comedy,PG-13,20th Century Fox,20000000.0,48548426.0,85146165.0
Peter Pan: Return to Neverland,2002,Adventure,G,Walt Disney,20000000.0,48430258.0,109862682.0
The Jungle Book 2,2003,Adventure,G,Walt Disney,20000000.0,47901582.0,140122225.0
Boogeyman,2005,Horror,PG-13,Sony Pictures,20000000.0,46752382.0,67192859.0
The Tigger Movie,2000,Adventure,G,Walt Disney,20000000.0,45542421.0,96147688.0
Spotlight,2015,Drama,R,Open Road,20000000.0,45055776.0,92108847.0
Max,2015,Adventure,PG,Warner Bros.,20000000.0,42656255.0,43658157.0
Meet the Browns,2008,Comedy,PG-13,Lionsgate,20000000.0,41975388.0,41975388.0
Orphan,2009,Drama,R,Warner Bros.,20000000.0,41596251.0,78769428.0
The Star,2017,Adventure,PG,Sony Pictures,20000000.0,40847995.0,62758010.0
Epic Movie,2007,Comedy,PG-13,20th Century Fox,20000000.0,39739367.0,86858578.0
The Grudge 2,2006,Horror,PG-13,Sony Pictures,20000000.0,39143839.0,70743839.0
Man of the Year,2006,Comedy,PG-13,Universal,20000000.0,37442180.0,41342180.0
Risen,2016,Drama,PG-13,Sony Pictures,20000000.0,36880033.0,46255763.0
Vampires Suck,2010,Comedy,PG-13,20th Century Fox,20000000.0,36661504.0,81424988.0
A Very Harold & Kumar 3D Christmas,2011,Comedy,R,Warner Bros.,20000000.0,35061031.0,36265745.0
Texas Chainsaw 3D,2013,Horror,R,Lionsgate,20000000.0,34341945.0,47666013.0
Babel,2006,Drama,R,Paramount Vantage,20000000.0,34302837.0,132121212.0
This is Where I Leave You,2014,Comedy,R,Warner Bros.,20000000.0,34296320.0,41296320.0
Doubt,2008,Drama,PG-13,Miramax,20000000.0,33446470.0,53191101.0
Team America: World Police,2004,Comedy,R,Paramount Pictures,20000000.0,32774834.0,50948811.0
Scary Movie V,2013,Comedy,PG-13,Weinstein Co.,20000000.0,32015787.0,78613981.0
Milk,2008,Drama,R,Focus Features,20000000.0,31841299.0,57293371.0
Ghost Ship,2002,Horror,R,Warner Bros.,20000000.0,30113491.0,68349884.0
Daybreakers,2010,Horror,R,Lionsgate,20000000.0,30101577.0,51445503.0
High Fidelity,2000,Comedy,R,Walt Disney,20000000.0,27277055.0,47881663.0
Stick It,2006,Comedy,PG-13,Walt Disney,20000000.0,26910736.0,30399714.0
One Missed Call,2008,Horror,PG-13,Warner Bros.,20000000.0,26890041.0,44513466.0
The World's End,2013,Comedy,R,Focus Features,20000000.0,26004851.0,47508505.0
You Again,2010,Comedy,PG,Walt Disney,20000000.0,25702053.0,32838945.0
Alpha and Omega 3D,2010,Adventure,PG,Lionsgate,20000000.0,25107267.0,48958353.0
Stay Alive,2006,Horror,PG-13,Walt Disney,20000000.0,23086480.0,23187506.0
2 For the Money,2005,Drama,R,Universal,20000000.0,22991379.0,30491379.0
Shorts,2009,Adventure,PG,Warner Bros.,20000000.0,20919166.0,29870801.0
Yu-Gi-Oh,2004,Adventure,PG,Warner Bros.,20000000.0,19762690.0,28762690.0
Reign Over Me,2007,Drama,R,Sony Pictures,20000000.0,19661987.0,20081987.0
My Best Friend's Girl,2008,Comedy,R,Lionsgate,20000000.0,19219250.0,34787111.0
Georgia Rule,2007,Drama,R,Universal,20000000.0,18882880.0,20819601.0
Into the Wild,2007,Drama,R,Paramount Vantage,20000000.0,18354356.0,56822960.0
Pooh's Heffalump Movie,2005,Adventure,G,Walt Disney,20000000.0,18098433.0,55686944.0
School for Scoundrels,2006,Comedy,PG-13,MGM,20000000.0,17807569.0,17807569.0
Silent Hill: Revelation 3D,2012,Horror,R,Open Road,20000000.0,17530219.0,55975672.0
The Zookeeper’s Wife,2017,Drama,PG-13,Focus Features,20000000.0,17445186.0,24521550.0
Fired Up,2009,Comedy,PG-13,Sony Pictures,20000000.0,17231291.0,18608570.0
Kung Fu Hustle,2005,Action,R,Sony Pictures Classics,20000000.0,17104669.0,102034104.0
The Country Bears,2002,Adventure,G,Walt Disney,20000000.0,16988996.0,16988996.0
Dead Silence,2007,Horror,R,Universal,20000000.0,16574590.0,20614661.0
21 Grams,2003,Drama,R,Focus Features,20000000.0,16248701.0,59667625.0
The Kite Runner,2007,Drama,PG-13,Paramount Vantage,20000000.0,15800078.0,74180745.0
Disaster Movie,2008,Comedy,PG-13,Lionsgate,20000000.0,14190901.0,36720752.0
Burnt,2015,Comedy,R,Weinstein Co.,20000000.0,13651946.0,36780895.0
Envy,2004,Comedy,PG-13,Dreamworks SKG,20000000.0,13548322.0,14566246.0
One Night with the King,2006,Drama,PG,Rocky Mountain Pict…,20000000.0,13395961.0,13725032.0
The Quiet American,2002,Drama,R,Miramax,20000000.0,12987647.0,26348203.0
The Light Between Oceans,2016,Drama,PG-13,Walt Disney,20000000.0,12545979.0,21748977.0
The Weather Man,2005,Drama,R,Paramount Pictures,20000000.0,12482775.0,15466961.0
Undisputed,2002,Drama,R,Miramax,20000000.0,12398628.0,12398628.0
12 Rounds,2009,Action,PG-13,20th Century Fox,20000000.0,12234694.0,17306648.0
Be Kind Rewind,2008,Comedy,PG-13,New Line,20000000.0,11175164.0,30894247.0
Mrs. Henderson Presents,2005,Comedy,R,Weinstein Co.,20000000.0,11036366.0,27836366.0
Death Sentence,2007,Action,R,20th Century Fox,20000000.0,9534258.0,16907831.0
Popstar: Never Stop Never Stopping,2016,Comedy,R,Universal,20000000.0,9496130.0,9537120.0
Thank You for Your Service,2017,Drama,R,Universal,20000000.0,9479390.0,9985316.0
Everybody's Fine,2009,Drama,PG-13,Miramax,20000000.0,9208876.0,9208876.0
Superbabies: Baby Geniuses 2,2004,Adventure,PG,Sony Pictures,20000000.0,9109322.0,9355369.0
Battle of the Year,2013,Drama,PG-13,Sony Pictures,20000000.0,8888355.0,16723377.0
Ratchet and Clank,2016,Adventure,PG,Focus Features,20000000.0,8813410.0,12769469.0
Death at a Funeral,2007,Comedy,R,MGM,20000000.0,8580428.0,46790428.0
The Man,2005,Comedy,PG-13,New Line,20000000.0,8330720.0,10393696.0
Code Name: The Cleaner,2007,Comedy,PG-13,New Line,20000000.0,8135024.0,8135024.0
Inherent Vice,2014,Drama,R,Warner Bros.,20000000.0,8110975.0,14772346.0
Connie & Carla,2004,Comedy,PG-13,Universal,20000000.0,8047525.0,8047525.0
Machete Kills,2013,Action,R,Open Road,20000000.0,8008161.0,18273009.0
Doogal,2006,Adventure,G,Weinstein Co.,20000000.0,7578946.0,28058652.0
Proof,2005,Drama,PG-13,Miramax,20000000.0,7535331.0,8284331.0
An American Carol,2008,Comedy,PG-13,Vivendi Entertainment,20000000.0,7013191.0,7022183.0
Willard,2003,Horror,PG-13,New Line,20000000.0,6882696.0,6882696.0
Strange Wilderness,2008,Comedy,R,Paramount Vantage,20000000.0,6575282.0,6947084.0
Little Boy,2015,Drama,PG-13,Open Road,20000000.0,6485961.0,17768390.0
Chasing Mavericks,2012,Drama,PG,20th Century Fox,20000000.0,6002756.0,8300821.0
A Most Violent Year,2014,Drama,R,A24,20000000.0,5749134.0,8398291.0
A Dangerous Method,2011,Drama,R,Sony Pictures Classics,20000000.0,5702083.0,14807531.0
Bandslam,2009,Comedy,PG,Summit Entertainment,20000000.0,5210988.0,12967829.0
Alone in the Dark,2005,Horror,R,Lionsgate,20000000.0,5178569.0,8178569.0
Birth,2004,Drama,R,New Line,20000000.0,5005899.0,14603001.0
Hands of Stone,2016,Drama,R,Weinstein Co.,20000000.0,4712792.0,5032013.0
Flash of Genius,2008,Drama,PG-13,Universal,20000000.0,4442377.0,4504111.0
I’m Not There,2007,Drama,R,Weinstein Co.,20000000.0,4017609.0,12397613.0
"Synecdoche, New York",2008,Drama,R,Sony Pictures Classics,20000000.0,3083538.0,4383538.0
LBJ,2017,Drama,R,Electric Entertainment,20000000.0,2468683.0,2507181.0
Bon Voyage,2004,Comedy,PG-13,Sony Pictures,20000000.0,2353728.0,8361736.0
My All-American,2015,Drama,PG,Clarius Entertainment,20000000.0,2246000.0,2246000.0
Marci X,2003,Comedy,R,Paramount Pictures,20000000.0,1646664.0,1646664.0
Equilibrium,2002,Action,R,Miramax/Dimension,20000000.0,1190018.0,5345869.0
Dylan Dog: Dead of Night,2011,Horror,PG-13,Omin/Freestyle,20000000.0,1186538.0,6093725.0
The Children of Huang Shi,2008,Drama,R,Sony Pictures Classics,20000000.0,1031872.0,8221700.0
The Yards,2000,Drama,R,Miramax,20000000.0,882710.0,2282710.0
Middle Men,2010,Comedy,R,Paramount Vantage,20000000.0,754301.0,754301.0
All Good Things,2010,Drama,R,Magnolia Pictures,20000000.0,582024.0,873617.0
By the Sea,2015,Drama,R,Universal,20000000.0,538460.0,3727746.0
Steamboy,2005,Action,PG-13,Sony Pictures,20000000.0,468867.0,10468867.0
The Game of Their Lives,2005,Drama,PG,IFC Films,20000000.0,375474.0,375474.0
The Tempest,2010,Drama,PG-13,Miramax,20000000.0,277943.0,277943.0
長江七號 (CJ7),2008,Adventure,PG,Sony Pictures Classics,20000000.0,206678.0,47300771.0
The Burning Plain,2009,Drama,R,Magnolia Pictures,20000000.0,200730.0,1167092.0
The Touch,2004,Adventure,PG-13,Miramax,20000000.0,0.0,5918742.0
Dwegons and Leprechauns,2014,Adventure,PG,,20000000.0,0.0,0.0
Der Baader Meinhof Komplex,2009,Action,R,Vitagraph Films,19700000.0,476270.0,16498827.0
The Shape of Water,2017,Drama,R,Fox Searchlight,19500000.0,63859435.0,189258193.0
De rouille et d’os,2012,Drama,R,Sony Pictures Classics,19500000.0,2061449.0,29393634.0
The Painted Veil,2006,Drama,PG-13,Warner Independent,19400000.0,8060487.0,15118795.0
The Devil's Double,2011,Drama,R,Lionsgate,19100000.0,1361512.0,5965646.0
Scary Movie,2000,Comedy,R,Miramax/Dimension,19000000.0,157019771.0,277200000.0
Bad Teacher,2011,Comedy,R,Sony Pictures,19000000.0,100292856.0,215448997.0
Sausage Party,2016,Comedy,R,Sony Pictures,19000000.0,97670358.0,141354394.0
I Can Do Bad All By Myself,2009,Comedy,PG-13,Lionsgate,19000000.0,51733921.0,51733921.0
Thirteen Ghosts,2001,Horror,R,Warner Bros.,19000000.0,41867960.0,68467960.0
Notorious,2009,Drama,R,Fox Searchlight,19000000.0,36843682.0,44972183.0
The Book Thief,2013,Drama,PG-13,20th Century Fox,19000000.0,21488481.0,76086711.0
"Gone, Baby, Gone",2007,Drama,R,Miramax,19000000.0,20300218.0,34352162.0
Thomas and the Magic Railroad,2000,Adventure,G,Destination Films,19000000.0,15911332.0,15911332.0
Sen to Chihiro no Kamikakushi,2002,Adventure,PG,Walt Disney,19000000.0,10049886.0,274949886.0
Sex Drive,2008,Comedy,R,Summit Entertainment,19000000.0,8402485.0,10412485.0
Take Me Home Tonight,2011,Comedy,R,Relativity,19000000.0,6928068.0,7576604.0
Won't Back Down,2012,Drama,PG,20th Century Fox,19000000.0,5310554.0,5745503.0
Action Point,2018,Comedy,R,Paramount Pictures,19000000.0,5059608.0,5103675.0
George A. Romero's Land of the Dead,2005,Horror,R,Universal,18975000.0,20700082.0,47751015.0
Adaptation,2002,Comedy,R,Sony Pictures,18500000.0,22498520.0,32531759.0
The Invention of Lying,2009,Comedy,PG-13,Warner Bros.,18500000.0,18451251.0,32679264.0
Left Behind,2001,Drama,PG-13,Cloud Ten Pictures,18500000.0,4221341.0,4221341.0
Borat,2006,Comedy,R,20th Century Fox,18000000.0,128505958.0,261443242.0
Legally Blonde,2001,Comedy,PG-13,MGM,18000000.0,96493426.0,141809235.0
Mean Girls,2004,Comedy,PG-13,Paramount Pictures,18000000.0,86047227.0,130953026.0
The Exorcism of Emily Rose,2005,Horror,PG-13,Sony Pictures,18000000.0,75072454.0,144529078.0
Barbershop 2: Back in Business,2004,Comedy,PG-13,MGM,18000000.0,65070412.0,65842412.0
The Family Stone,2005,Comedy,PG-13,20th Century Fox,18000000.0,60062868.0,92357499.0
My Big Fat Greek Wedding 2,2016,Comedy,PG-13,Universal,18000000.0,59689605.0,92057814.0
Diary of a Wimpy Kid: Rodrick Rules,2011,Adventure,PG,20th Century Fox,18000000.0,52698535.0,73695194.0
Prom Night,2008,Horror,PG-13,Sony Pictures,18000000.0,43869350.0,57193655.0
Soul Surfer,2011,Drama,PG,Sony Pictures,18000000.0,43853424.0,47158652.0
Under the Tuscan Sun,2003,Comedy,PG-13,Walt Disney,18000000.0,43601508.0,57490024.0
Gosford Park,2001,Comedy,R,USA Films,18000000.0,41300105.0,41300105.0
Orange County,2002,Comedy,PG-13,Paramount Pictures,18000000.0,41059716.0,43308707.0
Blue Jasmine,2013,Comedy,PG-13,Sony Pictures Classics,18000000.0,33404871.0,102912961.0
United 93,2006,Drama,R,Universal,18000000.0,31567134.0,77635035.0
Honey,2003,Drama,PG-13,Universal,18000000.0,30272254.0,62646763.0
Ricki and the Flash,2015,Drama,PG-13,Sony Pictures,18000000.0,26839498.0,41166033.0
Love the Coopers,2015,Comedy,PG-13,CBS Films,18000000.0,26302731.0,42227490.0
Observe and Report,2009,Comedy,R,Warner Bros.,18000000.0,24007324.0,27148898.0
Love Happens,2009,Drama,PG-13,Universal,18000000.0,22965110.0,36133014.0
127 Hours,2010,Drama,R,Fox Searchlight,18000000.0,18335230.0,60217171.0
Small Time Crooks,2000,Comedy,PG,Dreamworks SKG,18000000.0,17266359.0,29934477.0
Center Stage,2000,Drama,PG-13,Sony Pictures,18000000.0,17200925.0,21361109.0
Norm of the North,2016,Adventure,PG,Lionsgate,18000000.0,17062499.0,30535660.0
Catch That Kid,2004,Adventure,PG,20th Century Fox,18000000.0,16703799.0,16959614.0
Jobs,2013,Drama,PG-13,Open Road,18000000.0,16131410.0,43402515.0
Life as a House,2001,Drama,R,New Line,18000000.0,15652637.0,23889158.0
Youth in Revolt,2010,Comedy,R,Weinstein/Dimension,18000000.0,15285588.0,19685588.0
And So It Goes,2014,Comedy,PG-13,Clarius Entertainment,18000000.0,15160801.0,17868801.0
"I Love You, Beth Cooper",2009,Comedy,PG-13,20th Century Fox,18000000.0,14800725.0,16382538.0
Labor Day,2014,Drama,PG-13,Paramount Pictures,18000000.0,13371528.0,14189810.0
Being Julia,2004,Drama,R,Sony Pictures,18000000.0,7739049.0,14488705.0
The Last Station,2010,Drama,R,Sony Pictures Classics,18000000.0,6617867.0,15696146.0
Mongol,2008,Drama,R,Picturehouse,18000000.0,5705761.0,27147349.0
RocknRolla,2008,Action,R,Warner Bros.,18000000.0,5700626.0,27794339.0
Mao's Last Dancer,2010,Drama,PG,Samuel Goldwyn Films,18000000.0,4806750.0,25941437.0
The Railway Man,2014,Drama,R,Weinstein Co.,18000000.0,4438438.0,23910210.0
Midnight Special,2016,Drama,PG-13,Warner Bros.,18000000.0,3712282.0,7680250.0
Miss Sloane,2016,Drama,R,EuropaCorp,18000000.0,3500605.0,7727952.0
T2: Trainspotting,2017,Drama,R,Sony Pictures,18000000.0,2402004.0,42091497.0
Renaissance,2006,Action,R,Miramax,18000000.0,70644.0,2401413.0
I Am Wrath,2016,Action,R,Saban Films,18000000.0,0.0,309608.0
The Prince,2014,Action,R,Lionsgate,18000000.0,0.0,0.0
Superbad,2007,Comedy,R,Sony Pictures,17500000.0,121463226.0,169955142.0
Madea Goes To Jail,2009,Comedy,PG-13,Lionsgate,17500000.0,90508336.0,90508336.0
Step Up 2 the Streets,2008,Drama,PG-13,Walt Disney,17500000.0,58017783.0,148586910.0
Hoodwinked,2006,Adventure,PG,Weinstein Co.,17500000.0,51386611.0,109843390.0
Hitman,2007,Action,R,20th Century Fox,17500000.0,39687694.0,99135571.0
Hotel Rwanda,2004,Drama,PG-13,MGM,17500000.0,23519128.0,36521223.0
Beerfest,2006,Comedy,R,Warner Bros.,17500000.0,19185184.0,20159316.0
City of Ghosts,2003,Drama,R,MGM,17500000.0,325491.0,325491.0
A Quiet Place,2018,Horror,PG-13,Paramount Pictures,17000000.0,188024361.0,334524361.0
The Others,2001,Horror,PG-13,Miramax,17000000.0,96522687.0,207765056.0
Let’s Be Cops,2014,Comedy,R,20th Century Fox,17000000.0,82390774.0,136890774.0
Sideways,2004,Drama,R,Fox Searchlight,17000000.0,71502303.0,109793192.0
The Best Man Holiday,2013,Comedy,R,Universal,17000000.0,70525195.0,72835710.0
Pitch Perfect,2012,Comedy,PG-13,Universal,17000000.0,65001093.0,116044347.0
Evil Dead,2013,Horror,R,Sony Pictures,17000000.0,54239856.0,97778356.0
Jet Li's Hero,2004,Action,PG-13,Miramax,17000000.0,53652140.0,177535958.0
Saw 3D,2010,Horror,R,Lionsgate,17000000.0,45710178.0,133735284.0
"McFarland, USA",2015,Drama,PG,Walt Disney,17000000.0,44480275.0,45707924.0
Almost Christmas,2016,Drama,PG-13,Universal,17000000.0,42065185.0,42493506.0
The Hills Have Eyes,2006,Horror,R,Fox Searchlight,17000000.0,41778863.0,70355813.0
Good Boy!,2003,Adventure,PG,MGM,17000000.0,37667746.0,45312217.0
Smokin' Aces,2007,Comedy,R,Universal,17000000.0,35662731.0,57263440.0
Beastly,2011,Drama,PG-13,CBS Films,17000000.0,27865571.0,38028230.0
Lottery Ticket,2010,Comedy,PG-13,Warner Bros.,17000000.0,24719879.0,24719879.0
Dickie Roberts: Former Child Star,2003,Comedy,PG-13,Paramount Pictures,17000000.0,22734486.0,23734486.0
ATL,2006,Comedy,PG-13,Warner Bros.,17000000.0,21170563.0,21170563.0
Summer Catch,2001,Comedy,PG-13,Warner Bros.,17000000.0,19693891.0,19693891.0
Wes Craven Presents: They,2002,Horror,PG-13,Miramax/Dimension,17000000.0,12840842.0,16140842.0
How She Move,2008,Drama,PG-13,Paramount Vantage,17000000.0,7070641.0,8607815.0
Running Scared,2006,Action,R,New Line,17000000.0,6855137.0,9729088.0
The Apparition,2012,Horror,PG-13,Warner Bros.,17000000.0,4936819.0,10637281.0
Bobby Jones: Stroke of Genius,2004,Drama,PG,Film Foundry,17000000.0,2694071.0,2694071.0
L'illusionniste,2010,Adventure,PG,Sony Pictures Classics,17000000.0,2231474.0,8609949.0
Veronica Guerin,2003,Drama,R,Walt Disney,17000000.0,1569918.0,9438074.0
Genius,2016,Drama,PG-13,Roadside Attractions,17000000.0,1361045.0,6942889.0
Escobar: Paradise Lost,2015,Drama,R,RADiUS-TWC,17000000.0,195792.0,3917679.0
The Young Messiah,2016,Drama,PG-13,Focus Features,16800000.0,6469813.0,7313697.0
The Illusionist,2006,Drama,PG-13,Yari Film Group Rel…,16500000.0,39868642.0,83792062.0
House of Sand and Fog,2003,Drama,R,Dreamworks SKG,16500000.0,13005485.0,16157923.0
Sydney White,2007,Comedy,PG-13,Universal,16500000.0,11892415.0,13636339.0
Road Trip,2000,Comedy,R,Dreamworks SKG,16000000.0,68525609.0,119739110.0
Moonrise Kingdom,2012,Drama,PG-13,Focus Features,16000000.0,45512466.0,68848446.0
The Artist,2011,Drama,PG-13,Weinstein Co.,16000000.0,44667095.0,128256712.0
The Master of Disguise,2002,Adventure,PG,Sony Pictures,16000000.0,40363530.0,40363530.0
El Laberinto del Fauno,2006,Horror,R,Picturehouse,16000000.0,37634615.0,87041569.0
The Messengers,2007,Horror,PG-13,Sony Pictures,16000000.0,35374833.0,53774833.0
See Spot Run,2001,Adventure,PG,Warner Bros.,16000000.0,33357476.0,43057552.0
Baby Boy,2001,Drama,R,Sony Pictures,16000000.0,28734552.0,28734552.0
Joe Dirt,2001,Comedy,PG-13,Sony Pictures,16000000.0,27087695.0,30987695.0
The Women,2008,Comedy,PG-13,Picturehouse,16000000.0,26902075.0,50103808.0
Hot Fuzz,2007,Comedy,R,Focus Features,16000000.0,23618786.0,81742618.0
Vicky Cristina Barcelona,2008,Comedy,PG-13,MGM,16000000.0,23216709.0,104504817.0
Superfly,2018,Action,R,Sony Pictures,16000000.0,20537137.0,20723581.0
Remember Me,2010,Drama,PG-13,Summit Entertainment,16000000.0,19068240.0,56506120.0
White Oleander,2002,Drama,PG-13,Warner Bros.,16000000.0,16357770.0,21657770.0
Drowning Mona,2000,Comedy,PG-13,Destination Films,16000000.0,15427192.0,15980376.0
How to Deal,2003,Drama,PG-13,New Line,16000000.0,14108518.0,14108518.0
Soul Plane,2004,Comedy,R,MGM,16000000.0,13922211.0,14553807.0
People Like Us,2012,Drama,PG-13,Walt Disney,16000000.0,12431792.0,12617472.0
The Cookout,2004,Comedy,PG-13,Lionsgate,16000000.0,11540112.0,11540112.0
Bleed for This,2016,Drama,R,Open Road,16000000.0,5083906.0,6603926.0
Duets,2000,Drama,R,Walt Disney,16000000.0,4734235.0,6615452.0
Things We Lost in the Fire,2007,Drama,R,Paramount Pictures,16000000.0,3287315.0,8120148.0
The Immigrant,2014,Drama,R,RADiUS-TWC,16000000.0,2013456.0,7585011.0
The White Countess,2005,Drama,PG-13,Sony Pictures Classics,16000000.0,1669971.0,2814566.0
"Men, Women and Children",2014,Comedy,R,Paramount Pictures,16000000.0,705908.0,1685403.0
Good,2008,Drama,R,ThinkFilm,16000000.0,31631.0,31631.0
Juwanna Mann,2002,Comedy,PG-13,Warner Bros.,15600000.0,13571817.0,13771817.0
La Môme,2007,Drama,PG-13,Picturehouse,15500000.0,10299782.0,88611837.0
Ararat,2002,Drama,R,Miramax,15500000.0,1693000.0,1693000.0
Madison,2005,Drama,PG,MGM,15500000.0,517262.0,517262.0
The Yellow Handkerchief,2010,Drama,PG-13,Samuel Goldwyn Films,15500000.0,318623.0,318623.0
Slither,2006,Horror,R,Universal,15250000.0,7802450.0,12930343.0
The King’s Speech,2010,Drama,R,Weinstein Co.,15000000.0,138797449.0,430821168.0
"Crouching Tiger, Hidden Dragon",2000,Action,PG-13,Sony Pictures Classics,15000000.0,128067808.0,213514672.0
Annabelle: Creation,2017,Horror,R,Warner Bros.,15000000.0,102092201.0,305385888.0
Jackass Presents: Bad Grandpa,2013,Comedy,R,Paramount Pictures,15000000.0,102003019.0,160903019.0
The Imitation Game,2014,Drama,PG-13,Weinstein Co.,15000000.0,91125143.0,227773686.0
Mama,2013,Horror,PG-13,Universal,15000000.0,71628180.0,148095566.0
Diary of a Wimpy Kid,2010,Adventure,PG,20th Century Fox,15000000.0,64003625.0,76954311.0
The Queen,2006,Drama,PG-13,Miramax,15000000.0,56441711.0,128885873.0
When a Stranger Calls,2006,Horror,PG-13,Sony Pictures,15000000.0,47860214.0,67215435.0
Big Fat Liar,2002,Adventure,PG,Universal,15000000.0,47811275.0,52461017.0
The Lizzie McGuire Movie,2003,Adventure,PG,Walt Disney,15000000.0,42734455.0,55534455.0
Not Another Teen Movie,2001,Comedy,R,Sony Pictures,15000000.0,37882551.0,62401343.0
Wild,2014,Drama,R,Fox Searchlight,15000000.0,37880356.0,52460543.0
The Theory of Everything,2014,Drama,PG-13,Focus Features,15000000.0,35893537.0,123327692.0
Drive,2011,Action,R,FilmDistrict,15000000.0,35060689.0,81357930.0
Malibu's Most Wanted,2003,Comedy,PG-13,Warner Bros.,15000000.0,34308901.0,34499204.0
Where the Heart Is,2000,Drama,PG-13,20th Century Fox,15000000.0,33771174.0,40862054.0
Halloween 2,2009,Horror,R,Weinstein/Dimension,15000000.0,33392973.0,38512850.0
The Last House on the Left,2009,Horror,R,Universal,15000000.0,32752215.0,46526243.0
Because of Winn-Dixie,2005,Comedy,PG,20th Century Fox,15000000.0,32647042.0,33508485.0
Halloween: Resurrection,2002,Horror,R,Miramax/Dimension,15000000.0,30259652.0,37659652.0
The Great Debaters,2007,Drama,PG-13,Weinstein Co.,15000000.0,30226144.0,30261293.0
When the Game Stands Tall,2014,Drama,PG,Sony Pictures,15000000.0,30127963.0,30138912.0
28 Weeks Later,2007,Horror,R,20th Century Fox,15000000.0,28638916.0,64232714.0
Love and Basketball,2000,Drama,PG-13,New Line,15000000.0,27441122.0,27709625.0
Book of Shadows: Blair Witch 2,2000,Horror,R,Artisan,15000000.0,26421314.0,47721314.0
Ramona and Beezus,2010,Adventure,G,20th Century Fox,15000000.0,26167002.0,27469621.0
Urban Legends: Final Cut,2000,Horror,R,Sony Pictures,15000000.0,21468807.0,38574362.0
The Place Beyond the Pines,2013,Drama,R,Focus Features,15000000.0,21403519.0,47011449.0
Flicka,2006,Drama,PG,20th Century Fox,15000000.0,21000147.0,21896367.0
The Hills Have Eyes II,2007,Horror,R,20th Century Fox,15000000.0,20804166.0,37466538.0
Keanu,2016,Comedy,R,Warner Bros.,15000000.0,20591853.0,20688141.0
Country Strong,2010,Drama,PG-13,Sony Pictures,15000000.0,20218921.0,20601987.0
Tuck Everlasting,2002,Drama,PG,Walt Disney,15000000.0,19161999.0,19344615.0
The Marine,2006,Action,PG-13,20th Century Fox,15000000.0,18844784.0,22165608.0
The Hurt Locker,2009,Drama,R,Summit Entertainment,15000000.0,17017811.0,49894223.0
The Man with the Iron Fists,2012,Action,R,Universal,15000000.0,15634090.0,22018988.0
Freddy Got Fingered,2001,Comedy,R,20th Century Fox,15000000.0,14249005.0,14249005.0
One Day,2011,Drama,PG-13,Focus Features,15000000.0,13843771.0,59168692.0
De-Lovely,2004,Drama,PG-13,MGM,15000000.0,13337299.0,18524496.0
Whip It,2009,Comedy,PG-13,Fox Searchlight,15000000.0,13077184.0,18889972.0
Highlander: Endgame,2000,Action,R,Miramax/Dimension,15000000.0,12801190.0,12801190.0
The Founder,2017,Drama,PG-13,Weinstein Co.,15000000.0,12786053.0,24408130.0
Confidence,2003,Drama,R,Lionsgate,15000000.0,12212417.0,12212417.0
Knockaround Guys,2002,Drama,R,New Line,15000000.0,11660180.0,12419700.0
Here on Earth,2000,Drama,PG-13,20th Century Fox,15000000.0,10494147.0,10845127.0
Raise Your Voice,2004,Drama,PG,New Line,15000000.0,10411980.0,14811980.0
Black Snake Moan,2007,Drama,R,Paramount Vantage,15000000.0,9396870.0,10951153.0
Dark Blue,2003,Drama,R,MGM,15000000.0,9237470.0,12262065.0
A Mighty Heart,2007,Drama,R,Paramount Vantage,15000000.0,9176787.0,19153568.0
Boat Trip,2003,Comedy,R,Artisan,15000000.0,8586376.0,14933713.0
The Importance of Being Earnest,2002,Comedy,PG,Miramax,15000000.0,8378141.0,8378141.0
Hoot,2006,Adventure,PG,New Line,15000000.0,8117637.0,8224998.0
In Bruges,2008,Comedy,R,Focus Features,15000000.0,7800825.0,34533783.0
Promised Land,2013,Drama,R,Focus Features,15000000.0,7597898.0,12394562.0
Mulholland Drive,2001,Drama,R,Universal,15000000.0,7219578.0,20785973.0
The Rocker,2008,Comedy,PG-13,20th Century Fox,15000000.0,6409528.0,8767338.0
"Kiss Kiss, Bang Bang",2005,Comedy,R,Warner Bros.,15000000.0,4235837.0,16829464.0
Blood and Chocolate,2007,Horror,PG-13,MGM,15000000.0,3526588.0,6551310.0
You Will Meet a Tall Dark Stranger,2010,Drama,R,Sony Pictures Classics,15000000.0,3247816.0,34247816.0
Never Let Me Go,2010,Drama,R,Fox Searchlight,15000000.0,2434652.0,11173718.0
The Disappointments Room,2016,Horror,R,Relativity,15000000.0,2423467.0,3144688.0
The Company,2003,Drama,PG-13,Sony Pictures,15000000.0,2281585.0,3396508.0
Banlieue 13,2006,Action,R,Magnolia Pictures,15000000.0,1200216.0,11599903.0
Metropolis,2002,Adventure,PG-13,Sony Pictures,15000000.0,673414.0,1405032.0
The Reluctant Fundamentalist,2013,Drama,R,IFC Films,15000000.0,528731.0,528731.0
The Return,2004,Drama,PG-13,Kino International,15000000.0,501752.0,5953886.0
Buffalo Soldiers,2003,Comedy,R,Miramax,15000000.0,353743.0,353743.0
Centurion,2010,Action,R,Magnolia Pictures,15000000.0,123570.0,7885048.0
Ong-Bak 2,2009,Action,R,Magnolia Pictures,15000000.0,102458.0,7583050.0
Winnie Mandela,2013,Drama,R,Image Entertainment,15000000.0,61847.0,61847.0
The Son of No One,2011,Drama,R,Anchor Bay Entertai…,15000000.0,30680.0,1148578.0
All the Queen's Men,2002,Comedy,PG-13,Strand,15000000.0,22723.0,22723.0
In Dubious Battle,2017,Drama,R,Momentum Pictures,15000000.0,0.0,214182.0
Magic Mike XXL,2015,Comedy,R,Warner Bros.,14500000.0,66013057.0,123709460.0
Elle s'appelait Sarah,2011,Drama,PG-13,Weinstein Co.,14500000.0,7691700.0,25480031.0
Freedom,2015,Drama,R,ARC Entertainment,14500000.0,0.0,872757.0
Slumdog Millionaire,2008,Drama,R,Fox Searchlight,14000000.0,141330703.0,384530440.0
Stomp the Yard,2007,Drama,PG-13,Sony Pictures,14000000.0,61356221.0,75525718.0
My Bloody Valentine,2009,Horror,R,Lionsgate,14000000.0,51545952.0,102836002.0
The Possession,2012,Horror,PG-13,Lionsgate,14000000.0,49130588.0,82925064.0
Tyler Perry's Good Deeds,2012,Drama,PG-13,Lionsgate,14000000.0,35025791.0,35579177.0
The Iron Lady,2012,Drama,PG-13,Weinstein Co.,14000000.0,29959436.0,115592104.0
Jonah: A VeggieTales Movie,2002,Adventure,G,Artisan,14000000.0,25571351.0,25608779.0
All About the Benjamins,2002,Comedy,R,New Line,14000000.0,25482931.0,25873145.0
Our Family Wedding,2010,Comedy,PG-13,Fox Searchlight,14000000.0,20255281.0,21410546.0
An American Haunting,2006,Horror,PG-13,Freestyle Releasing,14000000.0,16298046.0,30443277.0
Jason X,2002,Horror,R,New Line,14000000.0,13121555.0,16951798.0
Hot Tub Time Machine 2,2015,Comedy,R,Paramount Pictures,14000000.0,12314651.0,12452601.0
Bobby,2006,Drama,R,MGM,14000000.0,11242801.0,20597806.0
Fun Size,2012,Comedy,PG-13,Paramount Pictures,14000000.0,9409538.0,11166615.0
Le Scaphandre et le Papillon,2007,Drama,PG-13,Miramax,14000000.0,5990075.0,22754472.0
Little Children,2006,Drama,R,New Line,14000000.0,5463019.0,14121177.0
Gossip,2000,Drama,R,Warner Bros.,14000000.0,5108820.0,12591270.0
Suffragette,2015,Drama,PG-13,Focus Features,14000000.0,4702420.0,34044909.0
Mr. Turner,2014,Drama,R,Sony Pictures Classics,14000000.0,3958546.0,25187026.0
Soul Survivors,2001,Horror,PG-13,Artisan,14000000.0,3100650.0,4288246.0
The Lucky Ones,2008,Drama,R,Lionsgate,14000000.0,266967.0,266967.0
Margaret,2011,Drama,R,Fox Searchlight,14000000.0,47185.0,623292.0
Brokeback Mountain,2005,Drama,R,Focus Features,13900000.0,83043761.0,177012173.0
Far From Heaven,2002,Drama,PG-13,Focus Features,13500000.0,15901849.0,29027914.0
Seven Psychopaths,2012,Comedy,R,CBS Films,13500000.0,15024049.0,33035736.0
Quills,2000,Drama,R,Fox Searchlight,13500000.0,7060876.0,11732088.0
Der Untergang,2005,Drama,R,Newmarket Films,13500000.0,5501940.0,93631744.0
The Caveman's Valentine,2001,Drama,R,Focus Features,13500000.0,687081.0,892506.0
The Last Godfather,2011,Comedy,PG-13,Roadside Attractions,13400000.0,164247.0,164247.0
Mar adentro,2004,Drama,PG-13,Fine Line,13300000.0,2086345.0,39686345.0
Save the Last Dance,2001,Drama,PG-13,Paramount Pictures,13000000.0,91038276.0,122244329.0
The First Purge,2018,Horror,R,Universal,13000000.0,69086325.0,136112145.0
Miracles from Heaven,2016,Drama,PG,Sony Pictures,13000000.0,61705123.0,73798720.0
Snow Day,2000,Adventure,PG,Paramount Pictures,13000000.0,60008303.0,62452927.0
The Shallows,2016,Drama,PG-13,Sony Pictures,13000000.0,55121623.0,118888025.0
This Christmas,2007,Drama,PG-13,Sony Pictures,13000000.0,49121934.0,49733545.0
"Dude, Where's My Car?",2000,Comedy,PG-13,20th Century Fox,13000000.0,46729374.0,73180297.0
St. Vincent,2014,Comedy,PG-13,Weinstein Co.,13000000.0,44137712.0,54837234.0
Earth to Echo,2014,Adventure,PG,Relativity,13000000.0,38934842.0,42174545.0
The New Guy,2002,Comedy,PG-13,Sony Pictures,13000000.0,28972187.0,28972187.0
21 and Over,2013,Comedy,R,Relativity,13000000.0,25682380.0,42195766.0
The Mist,2007,Horror,R,MGM,13000000.0,25593755.0,57189408.0
The Perks of Being a Wallflower,2012,Drama,PG-13,Lionsgate,13000000.0,17742948.0,33069303.0
crazy/beautiful,2001,Drama,PG-13,Walt Disney,13000000.0,16929123.0,19929123.0
Room,2015,Drama,R,A24,13000000.0,14677674.0,36262783.0
Woodlawn,2015,Drama,PG,Pure Flix Entertain…,13000000.0,14394097.0,14403703.0
Letters from Iwo Jima,2006,Drama,R,Warner Bros.,13000000.0,13756082.0,67867998.0
The Astronaut Farmer,2007,Drama,PG,Warner Bros.,13000000.0,11003643.0,11141213.0
Robinson Crusoe,2016,Adventure,PG,Lionsgate,13000000.0,8005586.0,33490316.0
Bubble Boy,2001,Comedy,PG-13,Walt Disney,13000000.0,5002310.0,5002310.0
"Paris, je t'aime",2007,Drama,R,First Look,13000000.0,4857374.0,5175088.0
Resurrecting the Champ,2007,Drama,PG-13,Yari Film Group Rel…,13000000.0,3172382.0,3260555.0
The Widow of St. Pierre,2001,Drama,R,Lionsgate,13000000.0,3058380.0,3058380.0
Youth,2015,Drama,R,Fox Searchlight,13000000.0,2703296.0,24002112.0
Un Prophète,2010,Drama,R,Sony Pictures Classics,13000000.0,2087720.0,19910624.0
"I Love You, Phillip Morris",2010,Comedy,R,Roadside Attractions,13000000.0,2037459.0,23014027.0
The Vatican Tapes,2015,Horror,PG-13,Lionsgate,13000000.0,1784763.0,14999638.0
Find Me Guilty,2006,Drama,R,Freestyle Releasing,13000000.0,1173673.0,2898225.0
Infamous,2006,Drama,R,Warner Independent,13000000.0,1151330.0,2613717.0
Attack the Block,2011,Action,R,Sony Pictures,13000000.0,1024175.0,6459183.0
In The Land of Blood and Honey,2011,Drama,R,FilmDistrict,13000000.0,303877.0,509193.0
The Killer Inside Me,2010,Drama,R,IFC Films,13000000.0,217277.0,3617277.0
The Drop,2014,Drama,R,Fox Searchlight,12600000.0,10724389.0,19054534.0
Machete,2010,Action,R,20th Century Fox,12500000.0,26593646.0,46370970.0
Antwone Fisher,2002,Drama,PG-13,Fox Searchlight,12500000.0,21078145.0,23367586.0
The Emperor's Club,2002,Drama,PG-13,Universal,12500000.0,14060950.0,16193713.0
Sorority Row,2009,Horror,R,Summit Entertainment,12500000.0,11965282.0,26735797.0
The Boy in the Striped Pyjamas,2008,Drama,PG-13,Miramax,12500000.0,9046156.0,44083403.0
Conviction,2010,Drama,R,Fox Searchlight,12500000.0,6797696.0,11826980.0
Lars and the Real Girl,2007,Comedy,PG-13,MGM,12500000.0,5956480.0,11277119.0
Solitary Man,2010,Drama,R,Anchor Bay Entertai…,12500000.0,4360548.0,4360548.0
Tae Guik Gi: The Brotherhood of War,2004,Drama,R,IDP Distribution,12500000.0,1110186.0,69826708.0
The Perfect Game,2010,Drama,PG,Slowhand Cinema,12500000.0,1089445.0,3931367.0
The Fault in Our Stars,2014,Drama,PG-13,20th Century Fox,12000000.0,124872350.0,307166834.0
Heaven is for Real,2014,Drama,PG,Sony Pictures,12000000.0,91386097.0,100916299.0
Barbershop,2002,Comedy,PG-13,MGM,12000000.0,75781642.0,77063461.0
Act of Valor,2012,Action,R,Relativity,12000000.0,70012847.0,82497035.0
Step Up,2006,Drama,PG-13,Walt Disney,12000000.0,65328121.0,110989157.0
Lion,2016,Drama,PG-13,Weinstein Co.,12000000.0,51739495.0,149875676.0
Philomena,2013,Drama,PG-13,Weinstein Co.,12000000.0,37709979.0,98963392.0
Paper Towns,2015,Drama,PG-13,20th Century Fox,12000000.0,32000304.0,85512300.0
Quarantine,2008,Horror,R,Sony Pictures,12000000.0,31691811.0,41924774.0
One Hour Photo,2002,Drama,R,Fox Searchlight,12000000.0,31597131.0,52223306.0
Johnson Family Vacation,2004,Comedy,PG-13,Fox Searchlight,12000000.0,31203964.0,31286759.0
How High,2001,Comedy,R,Universal,12000000.0,31155435.0,31222395.0
Crank,2006,Action,R,Lionsgate,12000000.0,27838408.0,43924923.0
Frida,2002,Drama,R,Miramax,12000000.0,25885000.0,56131239.0
Top Five,2014,Comedy,R,Paramount Pictures,12000000.0,25317379.0,26001741.0
Project Almanac,2015,Adventure,PG-13,Paramount Pictures,12000000.0,22348241.0,32909437.0
The Upside of Anger,2005,Drama,R,New Line,12000000.0,18761993.0,28915761.0
Aquamarine,2006,Comedy,PG,20th Century Fox,12000000.0,18597342.0,22978953.0
Nebraska,2013,Drama,R,Paramount Pictures,12000000.0,17654912.0,24761360.0
My Baby's Daddy,2004,Comedy,PG-13,Miramax,12000000.0,17321573.0,17322212.0
Max Keeble's Big Move,2001,Adventure,PG,Walt Disney,12000000.0,17292381.0,17292381.0
Young Adult,2011,Comedy,R,Paramount Pictures,12000000.0,16311571.0,22750356.0
Wish Upon,2017,Horror,PG-13,Broad Green Pictures,12000000.0,14301505.0,23477345.0
Rachel Getting Married,2008,Drama,R,Sony Pictures Classics,12000000.0,12796861.0,17475475.0
Girl with a Pearl Earring,2003,Drama,PG-13,Lionsgate,12000000.0,11634362.0,43274797.0
House of Flying Daggers,2004,Action,PG-13,Sony Pictures Classics,12000000.0,11050094.0,92863945.0
Sorority Boys,2002,Comedy,R,Walt Disney,12000000.0,10198766.0,12516222.0
Marshall,2017,Drama,PG-13,Open Road,12000000.0,10051659.0,10116816.0
Cadillac Records,2008,Drama,R,Sony Pictures,12000000.0,8195551.0,8942516.0
Screwed,2000,Comedy,PG-13,Universal,12000000.0,6982680.0,6982680.0
Running With Scissors,2006,Comedy,R,Sony Pictures,12000000.0,6860000.0,8706701.0
For Your Consideration,2006,Comedy,PG-13,Warner Independent,12000000.0,5549923.0,5549923.0
Charlie Bartlett,2008,Comedy,R,MGM,12000000.0,3950294.0,5295909.0
Two Lovers,2009,Drama,R,Magnolia Pictures,12000000.0,3149034.0,16349034.0
Last Orders,2002,Drama,R,Sony Pictures Classics,12000000.0,2326407.0,2326407.0
Gwoemul,2007,Action,R,Magnolia Pictures,12000000.0,2201923.0,92618117.0
The Dangerous Lives of Altar Boys,2002,Drama,R,ThinkFilm,12000000.0,1779284.0,1779284.0
Stoker,2013,Drama,R,Fox Searchlight,12000000.0,1703125.0,12034913.0
Married Life,2008,Drama,PG-13,Sony Pictures Classics,12000000.0,1506998.0,2975188.0
Kill the Irishman,2011,Drama,R,Anchor Bay Entertai…,12000000.0,1188194.0,1188194.0
Duma,2005,Adventure,PG,Warner Bros.,12000000.0,870067.0,994790.0
Darling Companion,2012,Comedy,PG-13,Sony Pictures Classics,12000000.0,793352.0,1200346.0
Ondine,2010,Drama,PG-13,Magnolia Pictures,12000000.0,550472.0,557545.0
Life Before Her Eyes,2008,Drama,R,Magnolia Pictures,12000000.0,303439.0,7203439.0
Trade,2007,Drama,R,Roadside Attractions,12000000.0,214202.0,1513388.0
Fateless,2006,Drama,R,ThinkFilm,12000000.0,196857.0,196857.0
San qiang pai an jing qi,2010,Drama,R,Sony Pictures Classics,12000000.0,190946.0,310946.0
Company Man,2001,Comedy,PG-13,,12000000.0,146028.0,622273.0
Nanjing! Nanjing!,2009,Drama,R,Kino International,12000000.0,122558.0,20122558.0
Trash,2015,Adventure,R,Focus Features,12000000.0,17484.0,6553186.0
5 Days of War,2011,Drama,R,Anchor Bay Entertai…,12000000.0,17479.0,87793.0
10 Days in a Madhouse,2015,Drama,R,Cafe Pictures,12000000.0,14616.0,14616.0
The Dressmaker,2016,Drama,R,Broad Green Pictures,11900000.0,2022115.0,24041617.0
Carol,2015,Drama,R,Weinstein Co.,11800000.0,12711491.0,42895440.0
Dirty Grandpa,2016,Comedy,R,Lionsgate,11500000.0,35593113.0,105241410.0
St. Trinian’s,2009,Comedy,PG-13,NeoClassics Films,11400000.0,15000.0,29830239.0
The Fighter,2010,Drama,R,Paramount Pictures,11000000.0,93617009.0,129262388.0
Jackass: Number Two,2006,Comedy,R,Paramount Pictures,11000000.0,72778712.0,85278712.0
If I Stay,2014,Drama,PG-13,Warner Bros.,11000000.0,50474843.0,78356170.0
A Walk to Remember,2002,Drama,PG,Warner Bros.,11000000.0,41227069.0,46060915.0
Brooklyn,2015,Drama,PG-13,Fox Searchlight,11000000.0,38322743.0,62076141.0
The Secret Life of Bees,2008,Drama,PG-13,Fox Searchlight,11000000.0,37780486.0,39994347.0
Woman in Gold,2015,Drama,PG-13,Weinstein Co.,11000000.0,33307793.0,57019592.0
Saw VI,2009,Horror,R,Lionsgate,11000000.0,27693292.0,69752402.0
Corky Romano,2001,Comedy,PG-13,Walt Disney,11000000.0,23978402.0,25116103.0
Quartet,2013,Comedy,PG-13,Weinstein Co.,11000000.0,18388357.0,56178935.0
Out Cold,2001,Comedy,PG-13,Walt Disney,11000000.0,13906394.0,14786394.0
The Ladies Man,2000,Comedy,R,Paramount Pictures,11000000.0,13592872.0,13719474.0
Tomcats,2001,Comedy,R,Sony Pictures,11000000.0,13558739.0,13558739.0
Inside Llewyn Davis,2013,Drama,R,CBS Films,11000000.0,13248209.0,32943247.0
Kinsey,2004,Drama,R,Fox Searchlight,11000000.0,10214647.0,17443529.0
Slackers,2002,Comedy,R,Sony Pictures,11000000.0,4814244.0,5942218.0
The Gospel of John,2003,Drama,PG-13,ThinkFilm,11000000.0,4068087.0,4234355.0
Vera Drake,2004,Drama,R,Fine Line,11000000.0,3753806.0,13353855.0
The Guru,2003,Comedy,R,Universal,11000000.0,3051221.0,24150550.0
Romance and Cigarettes,2007,Comedy,R,Borotoro,11000000.0,551002.0,3231251.0
Copying Beethoven,2006,Drama,PG-13,MGM,11000000.0,355968.0,6586324.0
Brighton Rock,2011,Drama,R,IFC Films,11000000.0,229653.0,229653.0
LOL,2012,Comedy,PG-13,Lionsgate,11000000.0,0.0,10431506.0
Saw V,2008,Horror,R,Lionsgate,10800000.0,56746769.0,118209778.0
Les Intouchables,2012,Comedy,R,Weinstein Co.,10800000.0,13182281.0,484873045.0
Jindabyne,2007,Drama,R,Sony Pictures Classics,10800000.0,399879.0,2862544.0
Darkness,2004,Horror,PG-13,Miramax/Dimension,10600000.0,22163442.0,34409206.0
In the Land of Women,2007,Comedy,PG-13,Warner Bros.,10500000.0,11052958.0,14140402.0
The Blue Butterfly,2004,Drama,PG,Alliance Films,10400000.0,1610194.0,1610194.0
September Dawn,2007,Drama,R,Black Diamond Pictures,10100000.0,1066555.0,1066555.0
The Grudge,2004,Horror,PG-13,Sony Pictures,10000000.0,110359362.0,187281115.0
Don’t Breathe,2016,Horror,R,Sony Pictures,10000000.0,89217875.0,159047649.0
Saw III,2006,Horror,R,Lionsgate,10000000.0,80238724.0,163876815.0
The Purge: Election Year,2016,Horror,R,Universal,10000000.0,79042440.0,118557124.0
Book Club,2018,Comedy,PG-13,Paramount Pictures,10000000.0,68566296.0,89643819.0
Bring it On,2000,Comedy,PG-13,Universal,10000000.0,68353550.0,90453550.0
Saw IV,2007,Horror,R,Lionsgate,10000000.0,63300095.0,135759694.0
Madea's Family Reunion,2006,Comedy,PG-13,Lionsgate,10000000.0,63257940.0,63320521.0
White Noise,2005,Drama,PG-13,Universal,10000000.0,56094360.0,92094360.0
Insidious Chapter 3,2015,Horror,PG-13,Focus Features,10000000.0,52218558.0,120678444.0
Lady Bird,2017,Drama,R,A24,10000000.0,48958273.0,78610769.0
The Best Exotic Marigold Hotel,2012,Comedy,PG-13,Fox Searchlight,10000000.0,46383639.0,134639780.0
Hereditary,2018,Horror,R,A24,10000000.0,44069456.0,70090779.0
"Love, Simon",2018,Drama,PG-13,20th Century Fox,10000000.0,40826341.0,65521685.0
Jigsaw,2017,Horror,R,Lionsgate,10000000.0,38052832.0,102499582.0
Jeepers Creepers,2001,Horror,R,MGM,10000000.0,37904175.0,58939035.0
Recess: School's Out,2001,Adventure,G,Walt Disney,10000000.0,36696761.0,44451470.0
The Boy,2016,Horror,PG-13,STX Entertainment,10000000.0,35819556.0,68220952.0
"Everything, Everything",2017,Drama,PG-13,Warner Bros.,10000000.0,34121140.0,61604439.0
Devil,2010,Horror,PG-13,Universal,10000000.0,33679655.0,63354114.0
Friday After Next,2002,Comedy,R,New Line,10000000.0,33253609.0,33526835.0
How to Be a Latin Lover,2017,Comedy,PG-13,Lionsgate,10000000.0,32149404.0,62556228.0
Nick and Norah's Infinite Playlist,2008,Drama,PG-13,Sony Pictures,10000000.0,31487293.0,33886017.0
Calendar Girls,2003,Comedy,PG-13,Walt Disney,10000000.0,31011616.0,93074616.0
The Banger Sisters,2002,Comedy,R,20th Century Fox,10000000.0,30306281.0,38067218.0
Teen Titans Go! To The Movies,2018,Adventure,PG,Warner Bros.,10000000.0,29562341.0,51411600.0
Swimfan,2002,Drama,PG-13,20th Century Fox,10000000.0,28564995.0,34084228.0
Employee of the Month,2006,Comedy,PG-13,Lionsgate,10000000.0,28444855.0,38364855.0
Sinister 2,2015,Horror,R,Focus Features,10000000.0,27740955.0,54104225.0
Mud,2013,Drama,PG-13,Roadside Attractions,10000000.0,21590086.0,31556959.0
Blair Witch,2016,Horror,R,Lionsgate,10000000.0,20777061.0,37478274.0
Valentine,2001,Horror,R,Warner Bros.,10000000.0,20384136.0,20384136.0
A Prairie Home Companion,2006,Comedy,PG-13,Picturehouse,10000000.0,20342852.0,26716191.0
Reno 911!: Miami,2007,Comedy,R,20th Century Fox,10000000.0,20342161.0,21851362.0
Kit Kittredge: An American Girl,2008,Drama,G,Picturehouse,10000000.0,17657973.0,17657973.0
Roll Bounce,2005,Comedy,PG-13,Fox Searchlight,10000000.0,17380866.0,17433072.0
Kung Pow: Enter the Fist,2002,Comedy,PG-13,20th Century Fox,10000000.0,16033556.0,17033556.0
The Birth of a Nation,2016,Drama,R,Fox Searchlight,10000000.0,15861566.0,16891011.0
Wrong Turn,2003,Horror,R,20th Century Fox,10000000.0,15417771.0,28649556.0
"The Goods: Live Hard, Sell Hard",2009,Comedy,R,Paramount Vantage,10000000.0,15122676.0,15297318.0
My Week with Marilyn,2011,Drama,R,Weinstein Co.,10000000.0,14597405.0,34240572.0
Big Eyes,2014,Drama,PG-13,Weinstein Co.,10000000.0,14482031.0,27317872.0
Hey Arnold! The Movie,2002,Adventure,PG,Paramount Pictures,10000000.0,13684949.0,13684949.0
End of the Spear,2006,Drama,PG-13,M Power Releasing,10000000.0,11748661.0,11924041.0
The Legend of Drunken Master,2000,Action,R,Miramax,10000000.0,11546543.0,11546543.0
Sleepover,2004,Adventure,PG,MGM,10000000.0,9408183.0,9408183.0
Movie 43,2013,Comedy,R,Relativity,10000000.0,8840453.0,31164747.0
MacGruber,2010,Comedy,R,Universal,10000000.0,8525600.0,8629895.0
Dirty Pretty Things,2003,Drama,R,Miramax,10000000.0,8112414.0,14156753.0
Bad Words,2014,Comedy,R,Focus Features,10000000.0,7779614.0,7843145.0
While We're Young,2015,Comedy,R,A24,10000000.0,7582065.0,14956484.0
Over Her Dead Body,2008,Comedy,PG-13,New Line,10000000.0,7570127.0,21596074.0
Bones,2001,Horror,R,New Line,10000000.0,7316658.0,8378853.0
Cedar Rapids,2011,Comedy,R,Fox Searchlight,10000000.0,6861102.0,7862131.0
The Collection,2012,Horror,R,LD Distribution,10000000.0,6810754.0,8890094.0
Teacher's Pet: The Movie,2004,Adventure,PG,Walt Disney,10000000.0,6491969.0,6491969.0
Deuces Wild,2002,Drama,R,MGM,10000000.0,6044618.0,6244618.0
"Run, Fatboy, Run",2008,Comedy,PG-13,Picturehouse,10000000.0,6003262.0,33512260.0
Danny Collins,2015,Comedy,R,Bleecker Street,10000000.0,5637066.0,7501132.0
Rescue Dawn,2007,Action,PG-13,MGM,10000000.0,5490423.0,7037886.0
Black and White,2000,Drama,R,Sony Pictures,10000000.0,5241315.0,5241315.0
Io sono l’amore,2010,Drama,R,Magnolia Pictures,10000000.0,5005465.0,15121528.0
Gotti,2018,Drama,R,Vertical Entertainment,10000000.0,4286367.0,6089100.0
"Jeff, Who Lives at Home",2012,Comedy,R,Paramount Vantage,10000000.0,4269426.0,4708127.0
Denial,2016,Drama,PG-13,Bleecker Street,10000000.0,4073448.0,9263940.0
Everybody Wants Some,2016,Comedy,R,Paramount Pictures,10000000.0,3400278.0,5437126.0
Atlas Shrugged: Part II,2012,Drama,PG-13,Atlas Distribution,10000000.0,3336053.0,3336053.0
Rosewater,2014,Drama,R,Open Road,10000000.0,3128941.0,3185717.0
The House of Mirth,2000,Drama,PG,Sony Pictures Classics,10000000.0,3041803.0,5149131.0
Peaceful Warrior,2006,Drama,PG-13,Universal,10000000.0,2893666.0,3260179.0
Bucky Larson: Born to Be a Star,2011,Comedy,R,Sony Pictures,10000000.0,2529395.0,2529395.0
Bamboozled,2000,Drama,R,New Line,10000000.0,2185266.0,2373937.0
The Iceman,2013,Drama,R,Alchemy,10000000.0,1930282.0,3623609.0
Free Fire,2017,Action,R,A24,10000000.0,1799322.0,3793739.0
A Better Life,2011,Drama,PG-13,Summit Entertainment,10000000.0,1759252.0,1884251.0
Spider,2003,Drama,R,Sony Pictures Classics,10000000.0,1641788.0,1641788.0
Nicholas Nickleby,2002,Drama,PG,United Artists,10000000.0,1562800.0,1562800.0
50 to 1,2014,Drama,PG-13,Ten Furlongs,10000000.0,1069454.0,1069454.0
Owning Mahowny,2003,Drama,R,Sony Pictures Classics,10000000.0,1011054.0,1011054.0
The Ten Commandments,2007,Adventure,PG,Rocky Mountain Pict…,10000000.0,952820.0,1051907.0
The Brothers Solomon,2007,Comedy,R,Sony Pictures,10000000.0,900926.0,900926.0
My Blueberry Nights,2008,Drama,PG-13,Weinstein Co.,10000000.0,866778.0,22198996.0
Coriolanus,2012,Drama,R,Weinstein Co.,10000000.0,749641.0,2179623.0
Parkland,2013,Drama,PG-13,Exclusive Releasing,10000000.0,641439.0,1616353.0
Shaolin Soccer,2004,Comedy,PG-13,Miramax,10000000.0,488872.0,42776032.0
King of California,2007,Drama,PG-13,First Look,10000000.0,268461.0,1165102.0
Imaginary Heroes,2004,Drama,R,Sony Pictures Classics,10000000.0,228524.0,290875.0
"Cinco de Mayo, La Batalla",2013,Action,R,Lionsgate,10000000.0,173472.0,173472.0
Welcome to the Rileys,2010,Drama,R,Samuel Goldwyn Films,10000000.0,152857.0,355919.0
Kicks,2016,Adventure,R,Focus World,10000000.0,150191.0,150191.0
High School,2012,Comedy,R,Anchor Bay Entertai…,10000000.0,139034.0,248133.0
Severance,2007,Comedy,R,Magnolia Pictures,10000000.0,137221.0,5950002.0
Joheunnom nabbeunnom isanghannom,2010,Action,R,,10000000.0,128486.0,42226657.0
Blood Done Sign My Name,2010,Drama,PG-13,Paladin,10000000.0,109383.0,109383.0
Motherhood,2009,Comedy,PG-13,Freestyle Releasing,10000000.0,93388.0,723388.0
Eulogy,2004,Comedy,R,Artisan,10000000.0,70527.0,70527.0
Elsa & Fred,2014,Comedy,PG-13,Alchemy,10000000.0,67657.0,109144.0
The Open Road,2009,Drama,PG-13,Anchor Bay Entertai…,10000000.0,19716.0,19716.0
Strangerland,2015,Drama,R,Alchemy,10000000.0,17472.0,161097.0
Janky Promoters,2009,Comedy,R,Third Rail,10000000.0,9069.0,9069.0
Blonde Ambition,2007,Comedy,PG-13,First Look,10000000.0,6422.0,1537479.0
It's a Wonderful Afterlife,2010,Comedy,PG-13,UTV Communications,10000000.0,0.0,1642939.0
Fifty Dead Men Walking,2009,Drama,R,Phase 4 Films,10000000.0,0.0,997921.0
Plastic,2014,Action,R,ARC Entertainment,10000000.0,0.0,575371.0
Partition,2007,Drama,,,10000000.0,0.0,0.0
Detention,2012,Comedy,R,Samuel Goldwyn Films,10000000.0,0.0,0.0
Nurse 3D,2014,Horror,R,Lionsgate,10000000.0,0.0,0.0
American Heist,2015,Action,R,Lionsgate,10000000.0,0.0,0.0
Amour,2012,Drama,PG-13,Sony Pictures Classics,9700000.0,6738954.0,36787044.0
The Lost City,2006,Drama,R,Magnolia Pictures,9600000.0,2484186.0,5256839.0
Next Friday,2000,Comedy,R,New Line,9500000.0,57176582.0,59675307.0
The Runaways,2010,Drama,R,Apparition,9500000.0,3573673.0,5278632.0
Gentlemen Broncos,2009,Comedy,PG-13,Fox Searchlight,9500000.0,115155.0,119955.0
Volver,2006,Comedy,R,Sony Pictures Classics,9400000.0,12899867.0,87226613.0
Ouija: Origin of Evil,2016,Horror,PG-13,Universal,9000000.0,35144505.0,81831866.0
Black or White,2015,Drama,PG-13,Relativity,9000000.0,21571189.0,21971021.0
Harold & Kumar Go to White Castle,2004,Comedy,R,New Line,9000000.0,18225165.0,18225165.0
The Contender,2000,Drama,R,Dreamworks SKG,9000000.0,17804273.0,17804273.0
Boiler Room,2000,Drama,R,New Line,9000000.0,16963963.0,28773637.0
Black Christmas,2006,Horror,R,MGM,9000000.0,16235738.0,16235738.0
The Edge of Seventeen,2016,Drama,R,STX Entertainment,9000000.0,14431633.0,19096003.0
Jackie,2016,Drama,R,Fox Searchlight,9000000.0,13960394.0,29345883.0
Loving,2016,Drama,PG-13,Focus Features,9000000.0,7710234.0,12898064.0
The Savages,2007,Drama,R,Fox Searchlight,9000000.0,6623082.0,10642023.0
Chasing Papi,2003,Comedy,PG,20th Century Fox,9000000.0,6126237.0,12657377.0
The Way of the Gun,2000,Action,R,Artisan,9000000.0,6047856.0,13061935.0
Hamlet 2,2008,Comedy,R,Focus Features,9000000.0,4886216.0,4934104.0
Igby Goes Down,2002,Comedy,R,MGM,9000000.0,4777465.0,4777465.0
The Ultimate Gift,2007,Drama,PG,Film Foundry,9000000.0,3438735.0,3438735.0
Beautiful,2000,Drama,PG-13,Destination Films,9000000.0,3134509.0,3134509.0
Gracie,2007,Drama,PG-13,Picturehouse,9000000.0,2956339.0,3922043.0
Greater,2016,Drama,PG,Hammond Entertainment,9000000.0,2000093.0,2000093.0
Trust the Man,2006,Comedy,R,Fox Searchlight,9000000.0,1530535.0,2548378.0
Princess Kaiulani,2010,Drama,PG,Roadside Attractions,9000000.0,883887.0,883887.0
Dheepan,2016,Drama,R,Sundance Selects,9000000.0,248795.0,7704357.0
All or Nothing,2002,Drama,R,MGM,9000000.0,184255.0,184255.0
Opal Dream,2006,Drama,PG,Strand,9000000.0,14443.0,14443.0
Skin Trade,2015,Action,R,Magnolia Pictures,9000000.0,1242.0,1242.0
Veronika Decides to Die,2015,Drama,R,Entertainment One,9000000.0,0.0,2243.0
Ultramarines,2011,Action,R,Codex Pictures,8900000.0,0.0,0.0
Manchester by the Sea,2016,Drama,R,Roadside Attractions,8500000.0,47695371.0,77733867.0
Crazy Heart,2009,Drama,R,Fox Searchlight,8500000.0,39471742.0,47417251.0
Star Wars: The Clone Wars,2008,Adventure,PG,Warner Bros.,8500000.0,35161554.0,68695443.0
The DUFF,2015,Comedy,PG-13,CBS Films,8500000.0,34030343.0,43528634.0
The Namesake,2007,Drama,PG-13,Fox Searchlight,8500000.0,13610521.0,20288774.0
Club Dread,2004,Comedy,R,Fox Searchlight,8500000.0,5001655.0,7573551.0
Bright Star,2009,Drama,PG,Apparition,8500000.0,4444637.0,17220091.0
The Rover,2014,Drama,R,A24,8500000.0,1109199.0,3180252.0
A.C.O.R.N.S.: Operation Crackdown,2016,Adventure,PG,Viva Entertainment,8500000.0,0.0,1353287.0
My Name is Khan,2010,Drama,PG-13,Fox Searchlight,8470000.0,4046336.0,42355526.0
The City of Your Final Destination,2010,Drama,PG-13,Hyde Park Films,8300000.0,493296.0,1353296.0
Kurtlar vadisi - Irak,2006,Action,,,8300000.0,0.0,24906717.0
Little Miss Sunshine,2006,Comedy,R,Fox Searchlight,8000000.0,59891098.0,100642353.0
Easy A,2010,Comedy,PG-13,Sony Pictures,8000000.0,58401464.0,76200721.0
28 Days Later…,2003,Horror,R,Fox Searchlight,8000000.0,45064915.0,82955633.0
You Got Served,2004,Drama,PG-13,Sony Pictures,8000000.0,40066497.0,50811858.0
Shutter,2008,Horror,PG-13,20th Century Fox,8000000.0,25928550.0,47782426.0
Akeelah and the Bee,2006,Drama,PG,Lionsgate,8000000.0,18848430.0,18959424.0
Enough Said,2013,Comedy,PG-13,Fox Searchlight,8000000.0,17550872.0,25621449.0
Begin Again,2014,Drama,R,Weinstein Co.,8000000.0,16170632.0,68838736.0
See No Evil,2006,Horror,R,Lionsgate,8000000.0,15032800.0,18828036.0
The Good Girl,2002,Drama,R,Fox Searchlight,8000000.0,14018296.0,16585503.0
Prom,2011,Comedy,PG,Walt Disney,8000000.0,10130219.0,10763183.0
Shadow of the Vampire,2000,Drama,R,Lionsgate,8000000.0,8279017.0,8279017.0
Me and Earl and the Dying Girl,2015,Drama,PG-13,Fox Searchlight,8000000.0,6758416.0,9266180.0
It's Kind of a Funny Story,2010,Comedy,PG-13,Focus Features,8000000.0,6363628.0,6632950.0
Held Up,2000,Comedy,PG-13,Trimark,8000000.0,4714090.0,4714090.0
Anomalisa,2015,Adventure,R,Paramount Pictures,8000000.0,3759286.0,5538273.0
Caché,2005,Drama,R,Sony Pictures Classics,8000000.0,3647381.0,19891331.0
Another Year,2010,Drama,PG-13,Sony Pictures Classics,8000000.0,3205706.0,20005613.0
Made in Dagenham,2010,Drama,R,Sony Pictures Classics,8000000.0,1095369.0,15644196.0
Brooklyn Rules,2007,Drama,R,Lionsgate,8000000.0,458232.0,458232.0
The Singing Detective,2003,Comedy,R,Paramount Pictures,8000000.0,336456.0,524747.0
Fido,2007,Horror,R,Lionsgate,8000000.0,298110.0,456814.0
Restless,2011,Drama,PG-13,Sony Pictures Classics,8000000.0,163753.0,2772511.0
The Wendell Baker Story,2007,Comedy,PG-13,ThinkFilm,8000000.0,127188.0,127188.0
Wild Target,2010,Comedy,PG-13,Freestyle Releasing,8000000.0,109338.0,5314194.0
Aloft,2015,Drama,R,Sony Pictures Classics,8000000.0,53086.0,53086.0
Fireflies in the Garden,2011,Drama,R,,8000000.0,36884.0,3587191.0
Akira,2001,Action,R,,8000000.0,19585.0,19585.0
"Don Gato, el inicio de la pandilla",2017,Adventure,PG,Viva Entertainment,8000000.0,0.0,4598934.0
Maurice Richard,2007,Drama,PG,Palm Pictures,8000000.0,0.0,0.0
Code of Honor,2016,Action,R,Lionsgate Premiere,8000000.0,0.0,0.0
Hostel: Part II,2007,Horror,R,Lionsgate,7500000.0,17544812.0,33606409.0
An Education,2009,Drama,PG-13,Sony Pictures Classics,7500000.0,12574914.0,29652736.0
Extract,2009,Comedy,R,Miramax,7500000.0,10823158.0,10849158.0
Shopgirl,2005,Drama,R,Walt Disney,7500000.0,10284523.0,11758418.0
Men with Brooms,2002,Comedy,R,Artisan,7500000.0,4239767.0,4239767.0
Witless Protection,2008,Comedy,PG-13,Lionsgate,7500000.0,4151836.0,4151836.0
The Work and the Glory,2004,Drama,PG,Excel Entertainment,7500000.0,3347647.0,3347647.0
Albert Nobbs,2011,Drama,R,Roadside Attractions,7500000.0,3014696.0,8539003.0
The Neon Demon,2016,Horror,R,Broad Green Pictures,7500000.0,1333124.0,3559803.0
Masked and Anonymous,2003,Drama,PG-13,Sony Pictures,7500000.0,533344.0,555335.0
Borg vs McEnroe,2018,Drama,R,Neon,7500000.0,231346.0,3257078.0
Pound of Flesh,2015,Action,R,Entertainment One,7500000.0,0.0,0.0
Persepolis,2007,Drama,PG-13,Sony Pictures Classics,7300000.0,4443403.0,25397460.0
Die Welle,2011,Drama,,IFC Films,7250000.0,0.0,35122948.0
Juno,2007,Comedy,PG-13,Fox Searchlight,7000000.0,143495265.0,231450102.0
Magic Mike,2012,Comedy,R,Warner Bros.,7000000.0,113721571.0,170549753.0
I Can Only Imagine,2018,Drama,PG,Roadside Attractions,7000000.0,83482352.0,85430011.0
My Dog Skip,2000,Drama,PG,Warner Bros.,7000000.0,34099640.0,35795319.0
Darkness Falls,2003,Horror,PG-13,Sony Pictures,7000000.0,32539681.0,47289758.0
"Good Night, and Good Luck",2005,Drama,PG,Warner Independent,7000000.0,31501218.0,56586901.0
Capote,2005,Drama,R,Sony Pictures Classics,7000000.0,28750530.0,49924079.0
Kingdom Come,2001,Comedy,PG,Fox Searchlight,7000000.0,23247539.0,23393939.0
Dope,2015,Comedy,R,Open Road,7000000.0,17506470.0,18190831.0
The Devil's Rejects,2005,Horror,R,Lionsgate,7000000.0,17044981.0,20940428.0
Devil's Due,2014,Horror,R,20th Century Fox,7000000.0,15821461.0,36146087.0
Beyond the Lights,2014,Drama,PG-13,Relativity,7000000.0,14618727.0,14618727.0
"House of 1,000 Corpses",2003,Horror,R,Lionsgate,7000000.0,12634962.0,17005466.0
House of the Dead,2003,Horror,R,Artisan,7000000.0,10199354.0,13767816.0
A Serious Man,2009,Comedy,R,Focus Features,7000000.0,9228788.0,30360570.0
A Single Man,2009,Drama,R,Weinstein Co.,7000000.0,9176000.0,28142379.0
Cyrus,2010,Comedy,R,Fox Searchlight,7000000.0,7468936.0,10062896.0
Rabbit-Proof Fence,2002,Drama,PG,Miramax,7000000.0,6199600.0,16866928.0
Who's Your Caddy?,2007,Comedy,PG-13,MGM,7000000.0,5694308.0,5694308.0
The Other Side of Heaven,2001,Drama,PG,Excel Entertainment,7000000.0,4720371.0,4720371.0
Redbelt,2008,Action,R,Sony Pictures Classics,7000000.0,2344847.0,2667084.0
Auto Focus,2002,Drama,R,Sony Pictures Classics,7000000.0,2062066.0,2703821.0
The Mighty Macs,2011,Drama,G,Quaker Media,7000000.0,1891936.0,1891936.0
Somewhere,2010,Drama,R,Focus Features,7000000.0,1785645.0,17023121.0
We Need to Talk About Kevin,2012,Drama,R,Oscilloscope Pictures,7000000.0,1738692.0,10765283.0
Factory Girl,2007,Drama,R,MGM,7000000.0,1661464.0,1661464.0
The Christmas Candle,2013,Adventure,PG,Echolight Studios,7000000.0,1632000.0,1933829.0
I Hope They Serve Beer in Hell,2009,Comedy,R,Freestyle Releasing,7000000.0,1429299.0,1429453.0
Mother and Child,2010,Drama,R,Sony Pictures Classics,7000000.0,1110509.0,6537179.0
Freeheld,2015,Drama,PG-13,Lionsgate,7000000.0,546201.0,1732228.0
Dom Hemingway,2014,Comedy,R,Fox Searchlight,7000000.0,523511.0,1857458.0
The Extra Man,2010,Comedy,R,Magnolia Pictures,7000000.0,453377.0,492108.0
Hesher,2011,Drama,R,Wrekin Hill Enterta…,7000000.0,382946.0,382946.0
Gerry,2003,Drama,R,ThinkFilm,7000000.0,254683.0,719699.0
The Boondock Saints,2000,Action,R,Indican Pictures,7000000.0,30471.0,411874.0
The Kings of Appletown,2008,Action,PG,,7000000.0,0.0,0.0
House at the End of the Street,2012,Horror,PG-13,Relativity,6900000.0,31611916.0,44103982.0
Incendies,2010,Drama,R,Sony Pictures Classics,6800000.0,6857096.0,16038343.0
The Chumscrubber,2005,Drama,R,Picturehouse,6800000.0,49526.0,49526.0
Tropa de Elite,2008,Action,R,IFC Films,6537890.0,8744.0,14319195.0
Annabelle,2014,Horror,R,Warner Bros.,6500000.0,84273813.0,256862920.0
Friends with Money,2006,Comedy,R,Sony Pictures Classics,6500000.0,13368437.0,18110152.0
Nowhere in Africa,2003,Drama,R,Zeitgeist,6500000.0,6173485.0,6173485.0
The East,2013,Drama,PG-13,Fox Searchlight,6500000.0,2274649.0,3027956.0
The Messenger,2009,Drama,R,Oscilloscope Pictures,6500000.0,1109660.0,1744952.0
A Home at the End of the World,2004,Drama,R,Warner Independent,6500000.0,1029017.0,1033810.0
"Good Bye, Lenin!",2004,Comedy,R,Sony Pictures Classics,6400000.0,4063859.0,79384539.0
Control,2007,Drama,R,Weinstein Co.,6400000.0,871577.0,8902141.0
The Damned United,2009,Drama,R,Sony Pictures Classics,6400000.0,449865.0,4199874.0
Die Fälscher,2008,Drama,R,Sony Pictures Classics,6250000.0,5488570.0,20199663.0
The Brothers,2001,Comedy,R,Sony Pictures,6000000.0,27457409.0,27958191.0
The Wrestler,2008,Drama,R,Fox Searchlight,6000000.0,26238243.0,46634275.0
National Lampoon’s Van Wilder,2002,Comedy,R,Artisan,6000000.0,21305259.0,39241323.0
Best in Show,2000,Comedy,PG-13,Warner Bros.,6000000.0,18621249.0,20695413.0
The Last King of Scotland,2006,Drama,R,Fox Searchlight,6000000.0,17606684.0,49155371.0
A Mighty Wind,2003,Comedy,PG-13,Warner Bros.,6000000.0,17583468.0,18504539.0
Daddy Day Camp,2007,Comedy,PG,Sony Pictures,6000000.0,13235267.0,18209872.0
The Words,2012,Drama,PG-13,CBS Films,6000000.0,11494838.0,16369708.0
Pollock,2000,Drama,R,Sony Pictures Classics,6000000.0,8596914.0,10557291.0
City Island,2010,Comedy,PG-13,Anchor Bay Entertai…,6000000.0,6671283.0,8173486.0
Casa de mi Padre,2012,Comedy,R,Lionsgate,6000000.0,5909483.0,8446952.0
The Guard,2011,Comedy,R,Sony Pictures Classics,6000000.0,5359774.0,21197454.0
College,2008,Comedy,R,MGM,6000000.0,4694491.0,6176114.0
La science des rêves,2006,Comedy,R,Warner Independent,6000000.0,4670644.0,15137932.0
Miss March,2009,Comedy,R,20th Century Fox,6000000.0,4543320.0,4713059.0
Wish I Was Here,2014,Comedy,R,Focus Features,6000000.0,3591299.0,6591365.0
Venus,2006,Drama,R,Miramax,6000000.0,3347411.0,7818479.0
Veronica Mars,2014,Drama,PG-13,Warner Bros.,6000000.0,3322127.0,3485383.0
Shattered Glass,2003,Drama,PG-13,Lionsgate,6000000.0,2207975.0,3456602.0
The Wackness,2008,Comedy,R,Sony Pictures Classics,6000000.0,2077046.0,3330012.0
Novocaine,2001,Comedy,R,Artisan,6000000.0,2025238.0,2522928.0
Snow Flower and the Secret Fan,2011,Drama,PG-13,Fox Searchlight,6000000.0,1348205.0,11348205.0
The Business of Strangers,2001,Drama,R,IFC Films,6000000.0,1030920.0,1290920.0
Jûsan-nin no shikaku,2011,Action,R,Magnolia Pictures,6000000.0,802778.0,18727440.0
The 5th Quarter,2011,Drama,PG,Rocky Mountain Pict…,6000000.0,408159.0,408159.0
Come Early Morning,2006,Drama,R,IDP/Goldwyn/Roadside,6000000.0,119452.0,119452.0
The Greatest,2010,Drama,R,Paladin,6000000.0,115862.0,117796.0
"Surfer, Dude",2008,Comedy,R,Anchor Bay Entertai…,6000000.0,36497.0,36497.0
Song One,2015,Drama,PG-13,Cinedigm/Film Arcade,6000000.0,32251.0,437089.0
Winter in Wartime,2011,Drama,R,Sony Pictures Classics,5800000.0,542860.0,9662214.0
Tom yum goong,2006,Action,R,Weinstein Co.,5700000.0,12044087.0,43044087.0
The Inbetweeners,2012,Comedy,R,Wrekin Hill Enterta…,5700000.0,35955.0,86051320.0
Bend it Like Beckham,2003,Drama,PG-13,Fox Searchlight,5600000.0,32543449.0,74566042.0
Crossover,2006,Drama,PG-13,Sony Pictures,5600000.0,7009668.0,7009668.0
Sunshine State,2002,Drama,PG-13,Sony Pictures Classics,5600000.0,3064356.0,3281898.0
Diary of a Mad Black Woman,2005,Drama,PG-13,Lionsgate,5500000.0,50406346.0,50458356.0
Hell Fest,2018,Horror,R,CBS Films,5500000.0,10751601.0,12527795.0
Mambo Italiano,2003,Comedy,R,Goldwyn Entertainment,5500000.0,9282750.0,12399772.0
Ghost World,2001,Comedy,R,MGM,5500000.0,6217849.0,8761608.0
Iris,2001,Drama,R,Miramax,5500000.0,5580479.0,15155021.0
Les Choristes,2004,Drama,PG-13,Miramax,5500000.0,3629758.0,83529758.0
Wonderland,2003,Drama,R,Lionsgate,5500000.0,1060512.0,1060512.0
Haevnen,2011,Drama,R,Sony Pictures Classics,5500000.0,1008098.0,15867314.0
Harvard Man,2002,Drama,R,,5500000.0,56653.0,56653.0
Salvation Boulevard,2011,Comedy,R,IFC Films,5500000.0,28468.0,28468.0
The Ten,2007,Comedy,R,ThinkFilm,5250000.0,769726.0,786677.0
The Girl with all the Gifts,2017,Horror,R,Saban Films,5250000.0,0.0,4802379.0
Saint Ralph,2005,Comedy,PG-13,Samuel Goldwyn Films,5200000.0,795126.0,1695126.0
Dum Maaro Dum,2011,Drama,R,Fox Searchlight,5200000.0,564489.0,11633427.0
Get Out,2017,Horror,R,Universal,5000000.0,176040665.0,255363701.0
Split,2017,Horror,PG-13,Universal,5000000.0,138141585.0,278306227.0
Paranormal Activity 3,2011,Horror,R,Paramount Pictures,5000000.0,104028807.0,202053386.0
Saw II,2005,Horror,R,Lionsgate,5000000.0,87025093.0,152925093.0
Insidious Chapter 2,2013,Horror,PG-13,FilmDistrict,5000000.0,83586447.0,161921515.0
Lights Out,2016,Horror,PG-13,Warner Bros.,5000000.0,67268835.0,148868835.0
Jackass: The Movie,2002,Comedy,R,Paramount Pictures,5000000.0,64282312.0,79282312.0
Happy Death Day,2017,Horror,PG-13,Universal,5000000.0,55683845.0,125013000.0
Paranormal Activity 4,2012,Horror,R,Paramount Pictures,5000000.0,53900335.0,140619520.0
Ouija,2014,Horror,PG-13,Universal,5000000.0,50856010.0,103300632.0
No se Aceptan Devoluciones,2013,Comedy,PG-13,Lionsgate,5000000.0,44467206.0,100486616.0
Monster,2003,Drama,R,Newmarket Films,5000000.0,34469210.0,64240813.0
Oculus,2014,Horror,R,Relativity,5000000.0,27695246.0,44115496.0
Dallas Buyers Club,2013,Drama,R,Focus Features,5000000.0,27298285.0,60611845.0
The Lazarus Effect,2015,Horror,PG-13,Lionsgate,5000000.0,25801570.0,35341814.0
Memento,2001,Drama,R,Newmarket Films,5000000.0,25544867.0,39723096.0
Our Idiot Brother,2011,Comedy,R,Weinstein Co.,5000000.0,24814830.0,25861249.0
Clerks II,2006,Comedy,R,MGM,5000000.0,24148068.0,27342246.0
Billy Elliot,2000,Drama,PG-13,Focus Features,5000000.0,21995263.0,109263464.0
The Way Way Back,2013,Comedy,PG-13,Fox Searchlight,5000000.0,21502690.0,26853810.0
God’s Not Dead 2,2016,Drama,PG,Pure Flix Entertain…,5000000.0,20773069.0,23562057.0
Still Alice,2015,Drama,PG-13,Sony Pictures Classics,5000000.0,18656400.0,41699612.0
"Paul, Apostle of Christ",2018,Drama,PG-13,Sony Pictures,5000000.0,17547999.0,23389835.0
Addicted,2014,Drama,R,Lionsgate,5000000.0,17390770.0,17499242.0
O (Othello),2001,Drama,R,Lionsgate,5000000.0,16017403.0,16017403.0
It Comes at Night,2017,Horror,R,A24,5000000.0,13985117.0,19720203.0
Y Tu Mamá También,2002,Drama,R,IFC Films,5000000.0,13649881.0,33649881.0
Shaun of the Dead,2004,Comedy,R,Focus/Rogue Pictures,5000000.0,13542874.0,30332385.0
Before I Fall,2017,Drama,PG-13,Open Road,5000000.0,12241072.0,18945682.0
Sunshine Cleaning,2009,Comedy,R,Overture Films,5000000.0,12062558.0,17329337.0
Fifty Shades of Black,2016,Comedy,R,Open Road,5000000.0,11686940.0,22113075.0
Not Easily Broken,2009,Drama,PG-13,Sony Pictures,5000000.0,10572742.0,10732909.0
Moms’ Night Out,2014,Adventure,PG,Sony Pictures,5000000.0,10429707.0,10537341.0
The Belko Experiment,2017,Horror,R,BH Tilt,5000000.0,10166820.0,10803839.0
Digimon: The Movie,2000,Adventure,PG,20th Century Fox,5000000.0,9628751.0,16628751.0
Saved!,2004,Comedy,PG-13,MGM,5000000.0,8886160.0,10206551.0
Les invasions barbares,2003,Drama,R,Miramax,5000000.0,8460000.0,25913869.0
The Forsaken,2001,Horror,R,Sony Pictures,5000000.0,6755271.0,6755271.0
Grandma’s Boy,2006,Comedy,R,20th Century Fox,5000000.0,6090172.0,6590172.0
Made,2001,Comedy,R,Artisan,5000000.0,5308707.0,5476060.0
90 Minutes in Heaven,2015,Drama,PG-13,Samuel Goldwyn Films,5000000.0,4816142.0,4816142.0
Keeping Up with the Steins,2006,Comedy,PG-13,Miramax,5000000.0,4339241.0,4414753.0
Bottle Shock,2008,Drama,PG-13,Freestyle Releasing,5000000.0,4078607.0,4815890.0
Des Hommes et Des Dieux,2011,Drama,PG-13,Sony Pictures Classics,5000000.0,3954651.0,46263525.0
Table 19,2017,Comedy,PG-13,Fox Searchlight,5000000.0,3614896.0,4620399.0
Green Room,2016,Horror,R,A24,5000000.0,3220371.0,3807503.0
Everything Must Go,2011,Drama,PG,Roadside Attractions,5000000.0,2712131.0,2821010.0
Rabbit Hole,2010,Drama,PG-13,Lionsgate,5000000.0,2229058.0,6205034.0
Paterson,2016,Comedy,R,Bleecker Street,5000000.0,2141423.0,10761547.0
Atlas Shrugged: Who Is John Galt?,2014,Drama,PG-13,Atlas Distribution,5000000.0,851690.0,851690.0
Party Monster,2003,Comedy,R,ContentFilm,5000000.0,742898.0,894030.0
Ain't Them Bodies Saints,2013,Drama,R,IFC Films,5000000.0,391611.0,1075009.0
Jimi: All is By My Side,2014,Drama,R,XLrator Media,5000000.0,340911.0,927074.0
"Lovely, Still",2010,Drama,PG,Monterey Media,5000000.0,127564.0,282687.0
Redacted,2007,Drama,R,Magnolia Pictures,5000000.0,65388.0,861325.0
Rudderless,2014,Drama,R,Samuel Goldwyn Films,5000000.0,56001.0,567219.0
Grace,2009,Horror,R,Anchor Bay Entertai…,5000000.0,8297.0,8297.0
Yoga Hosers,2016,Adventure,PG-13,Invincible Pictures,5000000.0,0.0,2199.0
Reach Me,2014,Drama,R,Alchemy,5000000.0,0.0,0.0
Henry & Me,2014,Adventure,PG,Distrib Films,5000000.0,0.0,0.0
Mommy,2015,Drama,R,Roadside Attractions,4900000.0,3498695.0,17536004.0
Hostel,2006,Horror,R,Lionsgate,4800000.0,47326473.0,82241110.0
Take Shelter,2011,Drama,R,Sony Pictures Classics,4750000.0,1728953.0,4972016.0
Dear Frankie,2005,Drama,PG-13,Miramax,4600000.0,1340891.0,3099369.0
The Assassination of Richard Nixon,2004,Drama,R,ThinkFilm,4600000.0,708776.0,4880143.0
Le nom des gens,2011,Comedy,R,Music Box Films,4600000.0,514237.0,9261711.0
25th Hour,2002,Drama,R,Walt Disney,4500000.0,13084595.0,25344490.0
Låt den rätte komma in,2008,Horror,R,Magnolia Pictures,4500000.0,2122085.0,12247682.0
Donnie Darko,2001,Drama,R,Newmarket Films,4500000.0,1480006.0,7510877.0
Salvando al Soldado Perez,2011,Action,PG-13,Lionsgate,4500000.0,1400726.0,9330465.0
Blackthorn,2011,Adventure,R,Magnolia Pictures,4500000.0,200558.0,1217307.0
Maggie,2015,Drama,PG-13,Roadside Attractions,4500000.0,187112.0,664346.0
Lilja 4-ever,2003,Drama,R,Newmarket Films,4500000.0,181655.0,4556982.0
After.Life,2010,Horror,R,,4500000.0,108596.0,2481925.0
The Sweeney,2013,Action,R,Entertainment One,4500000.0,26345.0,8000366.0
Falcon Rising,2014,Adventure,R,Freestyle Releasing,4500000.0,11774.0,11774.0
Daisy Winters,2017,Drama,PG-13,Hannover House,4500000.0,0.0,0.0
Whale Rider,2003,Drama,PG-13,Newmarket Films,4300000.0,20779666.0,39374600.0
Sexy Beast,2001,Drama,R,Fox Searchlight,4300000.0,6946056.0,10158355.0
Animal Kingdom,2010,Drama,R,Sony Pictures Classics,4200000.0,1044039.0,8078683.0
Cargo,2011,Drama,R,Persona Films,4200000.0,0.0,313230.0
Lost in Translation,2003,Drama,R,Focus Features,4000000.0,44585453.0,117085297.0
Monster's Ball,2001,Drama,R,Lionsgate,4000000.0,31273922.0,43766463.0
Boyhood,2014,Drama,R,IFC Films,4000000.0,25379975.0,57273049.0
The Kids Are All Right,2010,Comedy,R,Focus Features,4000000.0,20811365.0,36275469.0
A Haunted House 2,2014,Comedy,R,Open Road,4000000.0,17329487.0,21206861.0
The Last Exorcism Part II,2013,Horror,PG-13,CBS Films,4000000.0,15179303.0,25448707.0
Saving Grace,2000,Comedy,R,Fine Line,4000000.0,12178602.0,27786849.0
The Darkness,2016,Horror,PG-13,High Top Releasing,4000000.0,10753574.0,10898293.0
The Wash,2001,Comedy,R,Lionsgate,4000000.0,10097096.0,10097096.0
3 Strikes,2000,Comedy,R,MGM,4000000.0,9821335.0,9821335.0
The Visitor,2008,Comedy,PG-13,Overture Films,4000000.0,9427026.0,19174817.0
The Cooler,2003,Drama,R,Lionsgate,4000000.0,8291572.0,11131455.0
The Night Listener,2006,Drama,R,Miramax,4000000.0,7836393.0,10770993.0
El orfanato,2007,Horror,R,Picturehouse,4000000.0,7159147.0,79250193.0
Bug,2007,Drama,R,Lionsgate,4000000.0,7006708.0,8302995.0
Let's Go to Prison,2006,Comedy,R,Universal,4000000.0,4630045.0,4630045.0
Secretary,2002,Drama,R,Lionsgate,4000000.0,4046737.0,9413956.0
Thumbsucker,2005,Comedy,R,Sony Pictures Classics,4000000.0,1328679.0,1919197.0
Red State,2011,Horror,R,Smodshow Productions,4000000.0,1065429.0,1983596.0
MirrorMask,2005,Drama,PG,Samuel Goldwyn Films,4000000.0,864959.0,973613.0
Poolhall Junkies,2003,Drama,R,Gold Circle Films,4000000.0,563711.0,563711.0
The Face of Love,2014,Drama,PG-13,IFC Films,4000000.0,385069.0,1158877.0
Joe,2014,Drama,R,Roadside Attractions,4000000.0,373375.0,373375.0
Adoration,2009,Drama,R,Sony Pictures Classics,4000000.0,294244.0,384244.0
The Big Tease,2000,Comedy,R,Warner Bros.,4000000.0,185577.0,185577.0
Desert Dancer,2015,Drama,PG-13,Relativity,4000000.0,155271.0,338109.0
"Guten Tag, Ramon",2015,Drama,PG-13,20th Century Fox,4000000.0,154356.0,4854356.0
Manglehorn,2015,Drama,PG-13,IFC Films,4000000.0,132270.0,797439.0
Tau ming chong,2010,Action,R,,4000000.0,129078.0,38899792.0
Tau ming chong,2010,Action,R,,4000000.0,129078.0,38899792.0
Trust,2011,Drama,R,Alchemy,4000000.0,120016.0,120016.0
An Everlasting Piece,2000,Comedy,R,Dreamworks SKG,4000000.0,75078.0,75078.0
Stake Land,2011,Horror,R,IFC Films,4000000.0,33245.0,679482.0
Sonny,2002,Drama,R,,4000000.0,17639.0,17639.0
Another Happy Day,2011,Drama,R,Phase 4 Films,4000000.0,9120.0,978527.0
The Loved Ones,2012,Horror,R,Paramount Pictures,4000000.0,0.0,12302.0
The Perfect Wave,2014,Drama,PG,,4000000.0,0.0,0.0
Down for Life,2011,Drama,R,B.D. Fox Independent,3800000.0,41914.0,41914.0
The Good Heart,2010,Drama,R,Magnolia Pictures,3800000.0,20930.0,340930.0
Hevi reissu,2018,Comedy,,Music Box Films,3800000.0,9079.0,9079.0
Casa de Areia,2006,Drama,R,Sony Pictures Classics,3750000.0,539285.0,1178175.0
Defendor,2010,Drama,R,,3750000.0,44462.0,44462.0
The History Boys,2006,Comedy,R,Fox Searchlight,3700000.0,2730296.0,13447998.0
The Witch,2016,Horror,R,A24,3500000.0,25138705.0,40454520.0
Empire,2002,Drama,R,Universal,3500000.0,17504595.0,18495444.0
Forever My Girl,2018,Drama,PG,Roadside Attractions,3500000.0,16376066.0,16376066.0
Pootie Tang,2001,Comedy,PG-13,Paramount Pictures,3500000.0,3293258.0,3293258.0
Believe,2016,Drama,PG,Smith Global Media,3500000.0,890303.0,890303.0
La otra conquista,2000,Drama,R,Hombre de Oro,3500000.0,886410.0,886410.0
American Honey,2016,Drama,R,A24,3500000.0,663247.0,2611750.0
Trolljegeren,2011,Horror,PG,Magnet Pictures,3500000.0,253444.0,5706638.0
Ira and Abby,2007,Comedy,R,Magnolia Pictures,3500000.0,221096.0,221096.0
The Masked Saint,2016,Action,PG-13,Freestyle Releasing,3500000.0,182695.0,182695.0
Winter Passing,2006,Drama,R,Focus Features,3500000.0,107492.0,113783.0
D.E.B.S.,2005,Action,PG-13,Samuel Goldwyn Films,3500000.0,96793.0,96793.0
Jagten,2013,Drama,R,Magnolia Pictures,3450000.0,687185.0,18309793.0
Margin Call,2011,Drama,R,Roadside Attractions,3400000.0,5353586.0,20433227.0
Choke,2008,Comedy,R,Fox Searchlight,3400000.0,2926565.0,4124277.0
Whiplash,2014,Drama,R,Sony Pictures Classics,3300000.0,13092006.0,37825230.0
Bella,2007,Drama,PG-13,Roadside Attractions,3300000.0,8093373.0,12405473.0
Cidade de Deus,2003,Drama,R,Miramax,3300000.0,7563397.0,32059295.0
Maria Full of Grace,2004,Drama,R,New Line,3200000.0,6529624.0,14441158.0
Beginners,2011,Drama,R,Focus Features,3200000.0,5790894.0,14314407.0
The Meddler,2016,Comedy,PG-13,Sony Pictures Classics,3200000.0,4267219.0,5526942.0
Adam,2009,Drama,PG-13,Fox Searchlight,3200000.0,2283291.0,2834485.0
Feast,2006,Horror,R,Weinstein/Dimension,3200000.0,56131.0,690872.0
Paranormal Activity 2,2010,Horror,R,Paramount Pictures,3000000.0,84752907.0,177512032.0
War Room,2015,Drama,PG,Sony Pictures,3000000.0,67790117.0,73975239.0
Pokemon 3: The Movie,2001,Adventure,G,Warner Bros.,3000000.0,17052128.0,68452128.0
Next Day Air,2009,Comedy,R,Summit Entertainment,3000000.0,10027047.0,10172519.0
Before Midnight,2013,Drama,R,Sony Pictures Classics,3000000.0,8110621.0,23251930.0
The Collector,2009,Horror,R,Freestyle Releasing,3000000.0,7712114.0,10473836.0
Woman Thou Art Loosed,2004,Drama,R,Magnolia Pictures,3000000.0,6879730.0,6879730.0
Real Women Have Curves,2002,Comedy,PG-13,Newmarket Films,3000000.0,5853194.0,7777790.0
Water,2006,Drama,PG-13,Fox Searchlight,3000000.0,5529144.0,11322573.0
Don’t Think Twice,2016,Comedy,R,Film Arcade,3000000.0,4417983.0,4417983.0
Swiss Army Man,2016,Drama,R,A24,3000000.0,4210454.0,5837111.0
East is East,2000,Comedy,R,Miramax,3000000.0,4170647.0,30438635.0
Whipped,2000,Comedy,R,Destination Films,3000000.0,4142507.0,4142507.0
Frances Ha,2013,Comedy,R,IFC Films,3000000.0,4067398.0,11262769.0
Compadres,2016,Comedy,R,Lionsgate,3000000.0,3127773.0,7445044.0
Tsotsi,2006,Drama,R,Miramax,3000000.0,2912606.0,11537539.0
Letters to God,2010,Drama,PG,Vivendi Entertainment,3000000.0,2848587.0,3237452.0
Tusk,2014,Horror,R,A24,3000000.0,1821983.0,1857688.0
Elephant,2003,Drama,R,Fine Line,3000000.0,1266955.0,10051516.0
Bachelorette,2012,Comedy,R,Weinstein Co.,3000000.0,446770.0,12577401.0
Everybody Wants to Be Italian,2008,Comedy,R,Roadside Attractions,3000000.0,351416.0,351416.0
Creature,2011,Horror,R,The Bubble Factory,3000000.0,331000.0,331000.0
Chain Letter,2010,Horror,R,New Films Cinema,3000000.0,205842.0,1022453.0
Tim and Eric's Billion Dollar Movie,2012,Comedy,R,Magnet Pictures,3000000.0,201436.0,223652.0
Holly,2007,Drama,R,Priority Films,3000000.0,163069.0,163069.0
The Grand,2008,Comedy,R,Anchor Bay Entertai…,3000000.0,115879.0,115879.0
Sommersturm,2006,Drama,R,Regent Releasing,3000000.0,95204.0,95204.0
Fort McCoy,2014,Drama,R,Monterey Media,3000000.0,78948.0,78948.0
Before We Go,2015,Drama,PG-13,Radius,3000000.0,37151.0,483938.0
Tanner Hall,2011,Drama,R,Anchor Bay Entertai…,3000000.0,5073.0,5073.0
My Big Fat Independent Movie,2005,Comedy,R,Big Fat Movies,3000000.0,4655.0,4655.0
They Came Together,2014,Comedy,R,Lionsgate,3000000.0,0.0,82780.0
Barry Munday,2010,Comedy,R,Magnolia Pictures,3000000.0,0.0,0.0
High Tension,2005,Horror,R,Lionsgate,2850000.0,3681066.0,6435262.0
Hustle & Flow,2005,Drama,R,Paramount Vantage,2800000.0,22202809.0,23591783.0
Artie Lange's Beer League,2006,Comedy,R,Freestyle Releasing,2800000.0,475000.0,475000.0
Diary of the Dead,2008,Horror,R,Weinstein Co.,2750000.0,952620.0,5394447.0
Ida,2014,Drama,PG-13,Music Box Films,2600000.0,3827060.0,15298355.0
Timber Falls,2007,Horror,R,Slowhand Cinema,2600000.0,0.0,71248.0
A Haunted House,2013,Comedy,R,Open Road,2500000.0,40041683.0,59922558.0
Garden State,2004,Drama,R,Fox Searchlight,2500000.0,26782316.0,36028802.0
The Spectacular Now,2013,Drama,R,A24,2500000.0,6852971.0,6916951.0
Hunt for the Wilderpeople,2016,Comedy,PG-13,The Orchard,2500000.0,5205471.0,23845533.0
Robot & Frank,2012,Drama,PG-13,Samuel Goldwyn Films,2500000.0,3317468.0,4934356.0
Jesus' Son,2000,Drama,R,Lionsgate,2500000.0,1282084.0,1687548.0
Saving Face,2005,Comedy,R,Sony Pictures Classics,2500000.0,1187266.0,1269705.0
Brick Lane,2008,Drama,PG-13,Sony Pictures Classics,2500000.0,1094998.0,3838486.0
Eye of the Dolphin,2007,Drama,PG-13,Monterey Media,2500000.0,72210.0,72260.0
Underdogs,2013,Drama,PG,Freestyle Releasing,2500000.0,35017.0,35017.0
Alien Uprising,2013,Action,R,Phase 4 Films,2500000.0,0.0,0.0
Go For It!,2011,Drama,PG-13,Lionsgate,2450000.0,180237.0,182358.0
Idiocracy,2006,Comedy,R,20th Century Fox,2400000.0,444093.0,500296.0
Do You Believe?,2015,Drama,PG-13,Pure Flix Entertain…,2300000.0,12985600.0,14305450.0
Frontera,2014,Drama,PG-13,Magnolia Pictures,2300000.0,59696.0,59696.0
Redemption Road,2011,Drama,PG-13,Freestyle Releasing,2300000.0,29384.0,29384.0
The Last Sin Eater,2007,Drama,PG-13,20th Century Fox,2200000.0,388390.0,388390.0
Bully,2001,Drama,R,Lionsgate,2100000.0,881824.0,1381824.0
Mi America,2016,Drama,R,Industrial House Films,2100000.0,3330.0,3330.0
Courageous,2011,Drama,PG-13,Sony Pictures,2000000.0,34522221.0,35185884.0
It Follows,2015,Horror,R,RADiUS-TWC,2000000.0,14674077.0,23250755.0
Silent House,2012,Horror,R,Open Road,2000000.0,12739737.0,16610760.0
Das Leben der Anderen,2007,Drama,R,Sony Pictures Classics,2000000.0,11284657.0,81197047.0
Winter's Bone,2010,Drama,R,Roadside Attractions,2000000.0,6531503.0,16131551.0
American Splendor,2003,Drama,R,Fine Line,2000000.0,6003587.0,8685632.0
The Florida Project,2017,Drama,R,A24,2000000.0,5904366.0,11303040.0
All Saints,2017,Drama,PG,Sony Pictures,2000000.0,5802208.0,5941994.0
Before Sunset,2004,Drama,R,Warner Independent,2000000.0,5792822.0,11217346.0
Amores Perros,2001,Drama,R,Lionsgate,2000000.0,5383834.0,20883834.0
Thirteen,2003,Drama,R,Fox Searchlight,2000000.0,4601043.0,9505996.0
Me and You and Everyone We Know,2005,Drama,R,IFC Films,2000000.0,3885134.0,9615464.0
We Are Your Friends,2015,Drama,R,Warner Bros.,2000000.0,3591417.0,10166209.0
Harsh Times,2006,Drama,R,MGM,2000000.0,3337931.0,6225304.0
Ghost Dog: The Way of the Samurai,2000,Drama,R,Artisan,2000000.0,3330230.0,10672492.0
Captive,2015,Drama,PG-13,Paramount Pictures,2000000.0,2583301.0,2791973.0
Full Frontal,2002,Comedy,R,Miramax,2000000.0,2512846.0,3438804.0
Hearts Beat Loud,2018,Drama,PG-13,Gunpowder & Sky,2000000.0,2386254.0,2420962.0
The Resurrection of Gavin Stone,2017,Comedy,PG,High Top Releasing,2000000.0,2303792.0,2303792.0
Strangers with Candy,2006,Comedy,R,ThinkFilm,2000000.0,2072645.0,2077844.0
Son of Rambow: A Home Movie,2008,Comedy,PG-13,Paramount Vantage,2000000.0,1785505.0,11263263.0
The Diary of a Teenage Girl,2015,Drama,R,Sony Pictures Classics,2000000.0,1477002.0,2279959.0
Meek's Cutoff,2011,Drama,PG,Oscilloscope Pictures,2000000.0,977772.0,1869928.0
Dinner Rush,2001,Drama,R,Access Motion Pictu…,2000000.0,638227.0,1075504.0
The Virginity Hit,2010,Comedy,R,Sony Pictures,2000000.0,636706.0,636706.0
House of D,2005,Drama,PG-13,Lionsgate,2000000.0,388532.0,466106.0
Teeth,2008,Comedy,R,Roadside Attractions,2000000.0,347578.0,2350641.0
Sherrybaby,2006,Drama,R,IFC Films,2000000.0,199176.0,759504.0
It's All Gone Pete Tong,2005,Drama,R,Matson,2000000.0,120620.0,2226603.0
Growing up Smith,2017,Comedy,PG-13,Good Deed Entertain…,2000000.0,35312.0,35312.0
Super Capers,2009,Adventure,PG,Roadside Attractions,2000000.0,30955.0,30955.0
London,2006,Drama,R,IDP/Goldwyn/Roadside,2000000.0,12667.0,12667.0
Eden Lake,2008,Horror,R,Third Rail,2000000.0,7321.0,4294373.0
Say Uncle,2006,Comedy,R,TLA Releasing,2000000.0,5361.0,5361.0
Grave Encounters,2011,Horror,,TriBeca Films,2000000.0,0.0,2151887.0
Rockaway,2007,Drama,R,Off-Hollywood Distr…,2000000.0,0.0,0.0
Small Apartments,2013,Comedy,R,Morocco Junction Pi…,2000000.0,0.0,0.0
The Dog Lover,2016,Drama,PG,ESX Entertainment,2000000.0,0.0,0.0
Nowhere Boy,2010,Drama,R,Weinstein Co.,1900000.0,1445366.0,7785229.0
Northfork,2003,Drama,PG-13,Paramount Vantage,1900000.0,1420578.0,1445140.0
Brotherly Love,2015,Drama,R,Freestyle Releasing,1900000.0,478595.0,478595.0
Submarine,2011,Comedy,R,Weinstein Co.,1900000.0,467602.0,4581937.0
The Last Exorcism,2010,Horror,PG-13,Lionsgate,1800000.0,41034350.0,70165900.0
Beasts of the Southern Wild,2012,Drama,PG-13,Fox Searchlight,1800000.0,12795746.0,23265132.0
El crimen de padre Amaro,2002,Drama,R,Goldwyn Entertainment,1800000.0,5719000.0,5719000.0
Songcatcher,2001,Drama,PG-13,Lionsgate,1800000.0,3050934.0,3050934.0
Higher Ground,2011,Drama,R,Sony Pictures Classics,1800000.0,841056.0,842693.0
I Spit on Your Grave,2010,Horror,R,Anchor Bay Entertai…,1750000.0,93051.0,1278471.0
In the Bedroom,2001,Drama,R,Miramax,1700000.0,35930604.0,42137871.0
La misma luna,2008,Drama,PG-13,Weinstein Co.,1700000.0,12590147.0,23271741.0
The Lunchbox,2014,Drama,PG,Sony Pictures Classics,1700000.0,4231500.0,12231500.0
Grace Unplugged,2013,Drama,PG,Roadside Attractions,1700000.0,2507159.0,2507159.0
Saul fia,2015,Drama,R,Sony Pictures Classics,1700000.0,1777043.0,9696537.0
My Summer of Love,2005,Drama,R,Focus Features,1700000.0,1000915.0,4727375.0
Yes,2005,Drama,R,Sony Pictures Classics,1700000.0,396035.0,661221.0
Bubble,2006,Drama,R,Magnolia Pictures,1600000.0,145382.0,145382.0
I Love Your Work,2005,Comedy,R,ThinkFilm,1600000.0,3264.0,3264.0
Insidious,2011,Horror,R,FilmDistrict,1500000.0,54009150.0,99870886.0
Moonlight,2016,Drama,R,A24,1500000.0,27854931.0,65322266.0
Cabin Fever,2003,Horror,R,Lionsgate,1500000.0,21158188.0,30351664.0
The Squid and the Whale,2005,Drama,R,IDP/Goldwyn/Roadside,1500000.0,7372734.0,11191423.0
The To Do List,2013,Comedy,R,CBS Films,1500000.0,3491669.0,4128828.0
I’m Not Ashamed,2016,Drama,PG-13,Pure Flix Entertain…,1500000.0,2082980.0,2082980.0
Nueve Reinas,2002,Drama,R,Sony Pictures Classics,1500000.0,1222889.0,12412889.0
The Lords of Salem,2013,Horror,R,Anchor Bay Entertai…,1500000.0,1165881.0,1541131.0
The Ballad of Jack and Rose,2005,Drama,R,IFC Films,1500000.0,712294.0,1126258.0
The Believer,2002,Drama,R,Sony Pictures,1500000.0,406035.0,1840248.0
Snow Angels,2008,Drama,R,Warner Independent,1500000.0,402858.0,414404.0
MOOZ-lum,2011,Drama,PG-13,Peace Film LLC,1500000.0,362239.0,372239.0
Amigo,2011,Drama,R,Variance Films,1500000.0,184705.0,184705.0
Hatchet,2007,Horror,R,Anchor Bay Entertai…,1500000.0,175281.0,240396.0
My Name is Bruce,2008,Horror,R,Image Entertainment,1500000.0,173066.0,173066.0
The Salon,2007,Comedy,PG-13,Freestyle Releasing,1500000.0,139084.0,139084.0
Stolen Summer,2002,Drama,PG,Miramax,1500000.0,119841.0,119841.0
Forty Shades of Blue,2005,Drama,R,Vitagraph Films,1500000.0,75828.0,172569.0
Trucker,2009,Drama,R,Monterey Media,1500000.0,52429.0,52429.0
Teefa in Trouble,2018,Action,,Yash Raj Films,1500000.0,0.0,98806.0
Fetching Cody,2006,Drama,,,1500000.0,0.0,0.0
The Lion of Judah,2011,Adventure,PG,Rocky Mountain Pict…,1500000.0,0.0,0.0
Mustang,2015,Drama,PG-13,Cohen Media Group,1400000.0,845464.0,5545484.0
The Holy Girl,2005,Drama,R,Fine Line,1400000.0,304124.0,1261792.0
Journey from the Fall,2007,Drama,R,Imaginasian,1300000.0,635305.0,635305.0
The Basket,2000,Drama,PG,MGM,1300000.0,609042.0,609042.0
Filly Brown,2013,Drama,R,Lionsgate,1250000.0,2850357.0,2940411.0
Saw,2004,Horror,R,Lionsgate,1200000.0,55968727.0,103880027.0
Super Troopers,2002,Comedy,R,Fox Searchlight,1200000.0,18492362.0,23046142.0
Monsoon Wedding,2002,Comedy,R,USA Films,1200000.0,13876974.0,27025600.0
You Can Count on Me,2000,Drama,R,Paramount Vantage,1200000.0,9180275.0,10827356.0
Home Run,2013,Drama,PG-13,Samuel Goldwyn Films,1200000.0,2859955.0,2859955.0
But I'm a Cheerleader,2000,Comedy,R,Lionsgate,1200000.0,2205627.0,2509344.0
Blue Like Jazz,2012,Comedy,PG-13,Roadside Attractions,1200000.0,595018.0,595018.0
Que Horas Ela Volta?,2015,Drama,R,Oscilloscope Pictures,1200000.0,376976.0,3247411.0
Grand Theft Parsons,2004,Drama,PG-13,Swipe Films,1200000.0,0.0,0.0
Crowsnest,2012,Horror,R,IFC Midnight,1200000.0,0.0,0.0
Airborne,2012,Horror,,Image Entertainment,1200000.0,0.0,0.0
God’s Not Dead,2014,Drama,PG,Pure Flix Entertain…,1150000.0,60755732.0,63777092.0
Waiting...,2005,Comedy,R,Lionsgate,1125000.0,16124543.0,18673274.0
Wolf Creek,2005,Horror,R,Weinstein Co.,1100000.0,16186348.0,29005064.0
Ong-Bak,2005,Action,R,Magnolia Pictures,1100000.0,4563167.0,24062965.0
Serbuan maut,2012,Action,R,Sony Pictures Classics,1100000.0,4105123.0,9297407.0
Beyond the Black Rainbow,2012,Drama,R,Mongrel Media,1100000.0,56491.0,56491.0
The Devil Inside,2012,Horror,R,Paramount Pictures,1000000.0,53262945.0,101759490.0
Unfriended,2015,Horror,R,Universal,1000000.0,32789645.0,62869004.0
You're Next,2013,Horror,R,Lionsgate,1000000.0,18494006.0,26887177.0
Chernobyl Diaries,2012,Horror,R,Warner Bros.,1000000.0,18119640.0,42411721.0
Godzilla 2000,2000,Action,PG,Sony Pictures,1000000.0,10037390.0,10037390.0
Blue Valentine,2010,Drama,R,Weinstein Co.,1000000.0,9737892.0,16566240.0
Transamerica,2006,Drama,R,Weinstein Co.,1000000.0,9015303.0,16553163.0
Unfriended: Dark Web,2018,Horror,R,OTL Releasing,1000000.0,8783985.0,9620953.0
The Green Inferno,2015,Horror,R,High Top Releasing,1000000.0,7192291.0,12931569.0
The Sessions,2012,Drama,R,Fox Searchlight,1000000.0,6002451.0,11495204.0
October Baby,2012,Drama,PG-13,Five & Two Pictures,1000000.0,5355847.0,5391992.0
The Skeleton Twins,2014,Drama,R,Lionsgate/Roadside …,1000000.0,5284309.0,5797192.0
Junebug,2005,Drama,R,Sony Pictures Classics,1000000.0,2678010.0,3553253.0
Frozen River,2008,Drama,R,Sony Pictures Classics,1000000.0,2511476.0,6030129.0
Sidewalks of New York,2001,Comedy,R,Paramount Vantage,1000000.0,2402459.0,3575308.0
The Secrets of Jonathan Sperry,2009,Drama,PG,Five & Two Pictures,1000000.0,1355079.0,1355079.0
Bubba Ho-Tep,2003,Comedy,R,Vitagraph Films,1000000.0,1239183.0,1492895.0
No Man's Land,2001,Drama,R,MGM,1000000.0,1067481.0,2684207.0
Patti Cake$,2017,Comedy,R,Fox Searchlight,1000000.0,800148.0,1471090.0
Panic,2000,Drama,R,Roxie Releasing,1000000.0,779137.0,1425707.0
Palo Alto,2014,Drama,R,TriBeca Films,1000000.0,767732.0,1156309.0
The Future,2011,Drama,R,Roadside Attractions,1000000.0,568662.0,1239174.0
All the Real Girls,2003,Drama,R,Sony Pictures Classics,1000000.0,549666.0,703020.0
23 Blast,2014,Drama,PG-13,Abramorama Films,1000000.0,549185.0,549185.0
Blue Car,2003,Drama,R,Miramax,1000000.0,464126.0,475367.0
Wristcutters: A Love Story,2007,Comedy,R,Autonomous Films,1000000.0,446165.0,473769.0
Luminarias,2000,Comedy,R,,1000000.0,428535.0,428535.0
I Origins,2014,Drama,R,Fox Searchlight,1000000.0,336472.0,852399.0
The Battle of Shaker Heights,2003,Comedy,PG-13,Miramax,1000000.0,280351.0,839145.0
Love Liza,2002,Drama,R,,1000000.0,213137.0,213137.0
Lisa Picard is Famous,2001,Comedy,PG-13,,1000000.0,113433.0,113433.0
The House of the Devil,2009,Horror,R,Magnolia Pictures,1000000.0,101215.0,102812.0
Hardflip,2012,Drama,PG-13,Rocky Mountain Pict…,1000000.0,96734.0,96734.0
Creative Control,2016,Drama,R,Magnolia Pictures,1000000.0,63014.0,63014.0
Camp X-Ray,2014,Drama,R,IFC Films,1000000.0,9837.0,9837.0
Special,2008,Drama,R,Revolver Entertainment,1000000.0,7202.0,26822.0
The Sisterhood of Night,2015,Drama,PG-13,Freestyle Releasing,1000000.0,6870.0,6870.0
The Helix…Loaded,2005,Comedy,R,Romar,1000000.0,3700.0,3700.0
Childless,2015,Drama,R,Monterey Media,1000000.0,1036.0,1036.0
In Her Line of Fire,2006,Action,R,Regent Releasing,1000000.0,884.0,884.0
Jimmy and Judy,2006,Action,R,Outrider Pictures,1000000.0,0.0,0.0
The Poker House,2009,Drama,R,Phase 4 Films,1000000.0,0.0,0.0
Proud,2005,Drama,PG,Castle Hill Product…,1000000.0,0.0,0.0
Steppin: The Movie,2008,Comedy,PG-13,Weinstein Co.,1000000.0,0.0,0.0
Zombies of Mass Destruction,2010,Comedy,R,After Dark,1000000.0,0.0,0.0
Hard Candy,2006,Horror,R,Lionsgate,950000.0,1024640.0,8267066.0
Charly,2002,Comedy,PG,Excel Entertainment,950000.0,814666.0,814666.0
L!fe Happens,2012,Comedy,R,PMK*BNC,930000.0,30905.0,30905.0
Lowriders,2017,Drama,PG-13,BH Tilt,916000.0,6179955.0,6188421.0
Fruitvale Station,2013,Drama,R,Weinstein Co.,900000.0,16098998.0,17549645.0
Meet the Blacks,2016,Comedy,R,Freestyle Releasing,900000.0,9097072.0,9097072.0
Circumstance,2011,Drama,R,Roadside Attractions,900000.0,454121.0,958978.0
The Quiet,2006,Drama,R,Sony Pictures Classics,900000.0,381420.0,381420.0
"For a Good Time, Call",2012,Comedy,R,Focus Features,850000.0,1251749.0,1386088.0
Latter Days,2004,Drama,R,TLA Releasing,850000.0,833118.0,865708.0
Time Changer,2002,Drama,PG,Five & Two Pictures,825000.0,1500711.0,1500711.0
Jodaeiye Nader az Simin,2011,Drama,PG-13,Sony Pictures Classics,800000.0,7098492.0,24426169.0
Raising Victor Vargas,2003,Drama,R,Samuel Goldwyn Films,800000.0,2073984.0,2900578.0
The Mudge Boy,2004,Drama,R,Strand,800000.0,62544.0,62544.0
Saints and Soldiers,2004,Drama,PG-13,Excel Entertainment,780000.0,1310470.0,1310470.0
Safety Not Guaranteed,2012,Comedy,R,FilmDistrict,750000.0,4010957.0,4422318.0
The Innkeepers,2012,Horror,R,Magnolia Pictures,750000.0,78396.0,1011535.0
Il conformista,2014,Drama,R,Kino Lorber,750000.0,59656.0,89609.0
Undead,2005,Horror,R,Lionsgate,750000.0,41196.0,229250.0
All the Boys Love Mandy Lane,2013,Horror,R,Radius,750000.0,0.0,1960521.0
Half Nelson,2006,Drama,R,ThinkFilm,700000.0,2697938.0,4911725.0
Mercy Streets,2000,Drama,PG-13,,600000.0,173599.0,173599.0
Drunk Wedding,2015,Comedy,R,Paramount Pictures,600000.0,3301.0,3301.0
Fireproof,2008,Drama,PG,Samuel Goldwyn Films,500000.0,33456317.0,33473297.0
The Station Agent,2003,Drama,R,Miramax,500000.0,5801558.0,9470209.0
To Save a Life,2010,Drama,PG-13,Samuel Goldwyn Films,500000.0,3777210.0,3824868.0
The Singles Ward,2002,Comedy,PG,Halestorm Entertain…,500000.0,1250798.0,1250798.0
Osama,2004,Drama,PG-13,MGM,500000.0,1127331.0,1971479.0
Groove,2000,Comedy,R,Sony Pictures Classics,500000.0,1115313.0,1167524.0
The R.M.,2003,Comedy,PG,Halestone,500000.0,1111615.0,1111615.0
Mean Creek,2004,Drama,R,Paramount Vantage,500000.0,603951.0,1348750.0
Drinking Buddies,2013,Drama,R,Magnolia Pictures,500000.0,343706.0,407100.0
Civil Brand,2003,Drama,R,Lionsgate,500000.0,254293.0,254293.0
Monsters,2010,Drama,R,Magnet Pictures,500000.0,237301.0,5639730.0
Lonesome Jim,2006,Comedy,R,IFC Films,500000.0,154187.0,602789.0
O Menino e o Mundo,2015,Adventure,PG,GKIDS,500000.0,129479.0,271893.0
The Californians,2005,Drama,PG,Fabrication Films,500000.0,4134.0,4134.0
Everything Put Together,2001,Drama,R,,500000.0,0.0,7890.0
Paranormal Activity,2009,Horror,R,Paramount Pictures,450000.0,107918810.0,194183034.0
Brick,2006,Drama,R,Focus/Rogue Pictures,450000.0,2075743.0,4243996.0
Conversations with Other Women,2006,Comedy,R,Fabrication Films,450000.0,379418.0,1297745.0
Napoleon Dynamite,2004,Comedy,PG,Fox Searchlight,400000.0,44540956.0,46122713.0
Quinceanera,2006,Drama,R,Sony Pictures Classics,400000.0,1692693.0,2797199.0
Heroes,2008,Adventure,R,Eros Entertainment,400000.0,655538.0,655538.0
Jackpot,2001,Drama,R,,400000.0,44452.0,44452.0
Fabled,2004,Horror,R,Indican Pictures,400000.0,31425.0,31425.0
The Dark Hours,2005,Horror,R,Freestyle Releasing,400000.0,423.0,423.0
God's Army,2000,Drama,PG,Excel Entertainment,300000.0,2637726.0,2652515.0
Pieces of April,2003,Comedy,PG-13,MGM,300000.0,2528664.0,3571253.0
Wendy and Lucy,2008,Drama,R,Oscilloscope Pictures,300000.0,865695.0,1416046.0
First Morning,2005,Drama,PG-13,Illuminare,300000.0,87264.0,87264.0
3 Backyards,2011,Drama,R,Screen Media Films,300000.0,39475.0,39475.0
Fighting Tommy Riley,2005,Drama,R,Freestyle Releasing,300000.0,10514.0,10514.0
Compliance,2012,Drama,R,Magnolia Pictures,270000.0,319285.0,830700.0
Lovely and Amazing,2002,Drama,R,Lionsgate,250000.0,4210379.0,4613482.0
Sleight,2017,Action,R,High Top Releasing,250000.0,3930990.0,3934450.0
Better Luck Tomorrow,2003,Drama,R,Paramount Pictures,250000.0,3802390.0,3809226.0
Like Crazy,2011,Drama,PG-13,Paramount Pictures,250000.0,3395391.0,3728400.0
Chuck&Buck,2000,Drama,R,Artisan,250000.0,1055671.0,1157672.0
November,2005,Drama,R,Sony Pictures Classics,250000.0,191862.0,191862.0
